CUST_ID,KMEANS_CLUSTER,SOM_CLUSTER
C10001,3,1
C10002,1,3
C10003,3,4
C10004,3,1
C10005,3,1
C10006,2,4
C10007,4,2
C10008,2,4
C10009,3,1
C10010,3,1
C10011,2,4
C10012,3,4
C10013,4,2
C10014,2,4
C10015,3,1
C10016,1,3
C10017,1,3
C10018,2,4
C10019,2,4
C10020,2,4
C10021,2,4
C10022,4,2
C10023,2,4
C10024,4,3
C10025,1,1
C10026,2,4
C10027,3,1
C10028,2,4
C10029,1,3
C10030,3,1
C10031,4,2
C10032,2,4
C10033,1,3
C10034,2,4
C10035,2,2
C10036,3,1
C10037,1,3
C10038,4,2
C10039,1,3
C10040,1,3
C10041,1,3
C10043,4,3
C10044,3,1
C10045,1,3
C10046,4,2
C10047,3,1
C10048,3,1
C10049,1,3
C10050,4,2
C10051,3,1
C10052,1,3
C10053,4,4
C10054,3,1
C10055,4,4
C10056,2,4
C10057,3,1
C10058,3,1
C10059,4,2
C10060,3,1
C10061,1,3
C10062,3,1
C10063,3,1
C10064,1,3
C10065,3,1
C10067,4,2
C10068,3,1
C10069,3,1
C10070,3,1
C10071,2,4
C10072,4,4
C10073,1,3
C10074,4,2
C10075,3,1
C10077,3,4
C10078,3,1
C10079,2,2
C10080,4,4
C10081,2,4
C10082,3,1
C10083,1,3
C10084,2,4
C10085,3,1
C10086,3,4
C10087,2,4
C10088,4,2
C10089,4,4
C10090,4,2
C10092,4,2
C10093,3,1
C10094,1,3
C10095,4,2
C10096,1,3
C10097,3,1
C10098,3,1
C10099,3,1
C10100,3,1
C10101,3,4
C10102,1,3
C10103,3,4
C10104,3,1
C10105,3,1
C10106,2,4
C10107,4,2
C10108,2,4
C10109,3,1
C10110,1,3
C10111,2,4
C10112,1,3
C10113,2,4
C10114,4,2
C10115,2,4
C10116,3,1
C10117,4,2
C10118,1,3
C10119,4,4
C10120,2,4
C10121,2,4
C10122,1,1
C10123,3,4
C10124,1,1
C10125,4,2
C10126,3,1
C10127,4,4
C10128,1,1
C10130,1,3
C10131,4,2
C10132,3,1
C10133,4,2
C10134,1,3
C10135,3,1
C10136,3,1
C10137,4,2
C10138,3,4
C10139,1,3
C10140,2,4
C10141,4,4
C10142,4,2
C10143,2,4
C10144,4,2
C10145,4,4
C10146,3,1
C10147,3,1
C10148,1,3
C10149,4,2
C10150,4,2
C10151,3,1
C10152,2,4
C10153,3,1
C10154,2,4
C10155,2,4
C10156,4,2
C10157,4,2
C10158,2,4
C10159,4,2
C10160,4,2
C10161,2,4
C10162,4,2
C10163,3,1
C10164,4,2
C10165,3,1
C10166,1,1
C10167,3,1
C10168,2,4
C10169,3,1
C10170,2,4
C10171,3,1
C10172,2,4
C10173,4,2
C10174,2,4
C10175,4,4
C10176,1,3
C10177,4,2
C10178,3,1
C10179,1,3
C10180,4,2
C10181,3,1
C10182,4,1
C10183,1,3
C10184,4,2
C10185,3,4
C10186,4,4
C10187,3,1
C10188,1,3
C10189,3,1
C10190,2,1
C10191,2,4
C10192,1,3
C10193,2,4
C10194,3,1
C10196,3,1
C10197,3,1
C10198,3,1
C10199,3,1
C10200,2,2
C10201,3,4
C10202,4,2
C10203,2,4
C10204,4,2
C10205,3,1
C10206,1,3
C10207,3,1
C10208,1,3
C10209,2,4
C10211,4,2
C10212,4,2
C10213,3,1
C10214,1,3
C10215,1,3
C10216,1,3
C10217,3,4
C10218,1,3
C10219,3,4
C10220,3,1
C10221,3,4
C10222,3,1
C10223,3,1
C10224,2,4
C10226,3,1
C10227,1,3
C10228,4,2
C10229,4,2
C10230,4,4
C10231,3,1
C10232,4,2
C10233,4,4
C10234,3,1
C10235,4,2
C10236,4,2
C10237,3,1
C10238,4,2
C10239,2,4
C10240,2,4
C10241,4,4
C10242,3,1
C10243,4,2
C10244,4,4
C10245,1,3
C10246,3,1
C10247,3,1
C10248,3,1
C10249,1,3
C10250,4,2
C10251,4,2
C10252,3,1
C10253,4,2
C10254,3,1
C10255,4,2
C10256,2,4
C10257,1,3
C10258,4,2
C10259,1,3
C10260,2,4
C10261,2,4
C10262,4,4
C10263,1,1
C10265,3,4
C10266,3,1
C10267,4,4
C10269,2,2
C10270,1,3
C10271,3,4
C10272,4,2
C10273,4,2
C10274,4,2
C10275,3,4
C10276,4,2
C10277,4,4
C10278,3,4
C10279,3,1
C10280,4,2
C10281,4,2
C10282,1,3
C10283,4,2
C10284,4,2
C10285,1,3
C10286,3,1
C10287,3,1
C10288,3,1
C10289,2,4
C10290,2,4
C10291,4,2
C10292,2,4
C10293,3,1
C10294,4,2
C10295,3,1
C10296,1,3
C10297,3,1
C10298,1,3
C10299,3,4
C10300,1,1
C10301,4,2
C10302,1,3
C10303,3,1
C10304,1,1
C10305,2,4
C10306,4,2
C10307,1,3
C10308,1,3
C10309,4,4
C10310,4,4
C10311,1,3
C10312,4,2
C10313,1,3
C10314,4,4
C10315,1,3
C10316,2,4
C10317,2,2
C10318,2,4
C10319,3,3
C10320,2,1
C10321,2,4
C10322,4,2
C10323,4,2
C10324,1,1
C10325,1,3
C10326,1,3
C10327,1,3
C10328,3,4
C10329,2,4
C10330,2,4
C10331,1,3
C10332,1,3
C10333,1,3
C10334,3,1
C10335,1,3
C10336,2,4
C10337,4,2
C10338,1,4
C10339,1,3
C10340,4,2
C10341,3,1
C10342,4,4
C10343,4,2
C10344,4,2
C10345,1,3
C10346,1,3
C10347,3,1
C10348,4,2
C10349,3,4
C10350,2,4
C10351,3,1
C10352,1,3
C10353,3,1
C10354,3,1
C10355,4,2
C10356,3,1
C10357,3,4
C10358,4,4
C10359,4,2
C10360,2,4
C10361,3,1
C10362,4,2
C10364,1,3
C10365,3,1
C10366,3,1
C10367,4,2
C10368,2,4
C10369,1,3
C10370,3,1
C10371,3,1
C10372,2,4
C10373,3,1
C10374,3,1
C10375,4,2
C10376,1,1
C10377,2,4
C10378,3,1
C10379,4,2
C10380,1,3
C10381,1,3
C10382,4,2
C10383,4,3
C10384,3,1
C10385,4,2
C10386,2,4
C10387,3,1
C10388,4,2
C10389,2,4
C10390,3,1
C10391,3,1
C10392,1,3
C10393,3,1
C10395,1,3
C10396,3,1
C10397,4,2
C10398,1,3
C10399,3,1
C10400,1,3
C10402,2,4
C10403,3,4
C10404,3,1
C10405,4,4
C10406,4,4
C10407,4,2
C10408,2,4
C10409,1,3
C10410,3,4
C10411,1,3
C10412,1,3
C10413,2,3
C10414,2,4
C10415,2,4
C10416,1,3
C10417,4,2
C10419,1,3
C10420,3,4
C10421,3,1
C10422,3,1
C10423,1,3
C10424,2,4
C10425,3,1
C10426,2,2
C10427,3,1
C10428,1,3
C10429,2,4
C10430,4,4
C10431,3,1
C10432,4,2
C10433,2,4
C10434,1,3
C10435,2,4
C10436,3,1
C10437,1,3
C10438,4,2
C10439,1,3
C10441,1,3
C10442,1,3
C10443,3,1
C10444,1,3
C10445,1,3
C10446,1,3
C10447,1,3
C10448,3,1
C10449,1,3
C10450,1,3
C10451,1,3
C10452,2,3
C10453,4,2
C10454,3,1
C10455,1,3
C10456,3,1
C10457,1,3
C10458,1,3
C10459,2,4
C10460,4,4
C10461,4,2
C10462,4,4
C10463,3,1
C10466,3,1
C10467,3,4
C10468,4,4
C10469,4,4
C10470,4,2
C10471,1,3
C10472,4,4
C10473,2,4
C10474,2,4
C10475,4,4
C10476,3,1
C10477,4,2
C10478,4,4
C10480,4,4
C10481,2,4
C10482,2,4
C10483,3,1
C10484,1,3
C10485,4,4
C10486,2,4
C10487,4,2
C10488,3,1
C10489,1,3
C10490,1,1
C10491,4,2
C10492,3,1
C10493,3,1
C10494,3,1
C10495,4,3
C10497,4,2
C10498,1,1
C10501,3,1
C10502,2,4
C10503,4,2
C10504,1,3
C10505,3,1
C10506,4,2
C10507,4,2
C10508,1,3
C10509,4,2
C10510,1,3
C10511,4,4
C10512,4,2
C10513,1,3
C10514,4,2
C10515,3,1
C10516,4,4
C10517,1,3
C10518,3,1
C10519,1,1
C10520,2,4
C10521,3,4
C10522,2,4
C10523,4,2
C10524,3,4
C10525,4,4
C10526,2,4
C10527,2,4
C10528,2,4
C10529,4,2
C10530,3,1
C10532,4,2
C10533,2,4
C10534,4,2
C10535,1,3
C10536,4,2
C10537,4,2
C10538,4,4
C10539,1,3
C10540,3,1
C10542,2,4
C10543,2,4
C10544,1,3
C10545,4,2
C10546,1,3
C10547,2,4
C10548,4,2
C10549,3,1
C10550,1,3
C10551,1,3
C10552,2,4
C10553,4,4
C10554,2,4
C10555,4,2
C10556,3,1
C10557,2,3
C10558,4,2
C10559,3,1
C10560,4,2
C10561,1,3
C10562,3,4
C10563,4,2
C10564,2,4
C10565,3,4
C10566,1,3
C10567,3,4
C10568,4,2
C10569,4,2
C10570,4,2
C10571,2,4
C10572,4,2
C10573,3,4
C10574,4,2
C10575,4,2
C10576,1,3
C10577,4,4
C10578,1,3
C10579,2,4
C10580,1,3
C10581,1,3
C10582,1,3
C10583,3,1
C10584,4,2
C10585,1,3
C10586,3,1
C10587,4,2
C10588,3,1
C10589,4,2
C10590,3,4
C10591,2,4
C10592,3,4
C10593,1,3
C10594,3,4
C10595,1,3
C10596,1,3
C10597,3,1
C10598,4,2
C10599,3,1
C10600,1,3
C10601,1,3
C10602,3,4
C10603,3,1
C10604,1,3
C10605,4,2
C10606,1,3
C10607,1,3
C10608,4,2
C10609,4,2
C10610,3,1
C10611,4,2
C10612,3,1
C10613,4,3
C10615,4,4
C10616,4,2
C10617,4,4
C10618,1,3
C10619,3,1
C10620,3,4
C10621,1,3
C10622,4,4
C10623,4,4
C10624,3,1
C10625,1,3
C10626,3,1
C10627,1,3
C10628,2,4
C10629,3,4
C10630,4,4
C10631,1,3
C10632,2,4
C10633,1,3
C10634,4,4
C10635,4,2
C10636,3,1
C10637,4,2
C10638,4,2
C10639,1,1
C10640,1,3
C10641,4,2
C10642,2,4
C10643,3,4
C10644,4,2
C10645,4,2
C10646,3,1
C10647,4,2
C10648,2,4
C10649,4,2
C10650,4,4
C10651,2,4
C10652,4,4
C10653,4,2
C10654,4,2
C10655,2,4
C10656,1,3
C10657,3,1
C10658,1,3
C10659,1,3
C10660,3,4
C10661,3,1
C10662,1,3
C10663,3,1
C10665,4,2
C10666,4,2
C10667,1,1
C10668,4,2
C10669,4,2
C10670,4,2
C10671,4,2
C10672,1,3
C10673,4,2
C10674,1,3
C10675,1,3
C10676,1,3
C10677,4,2
C10678,4,2
C10679,3,4
C10680,3,1
C10681,4,2
C10682,4,2
C10683,3,1
C10684,4,2
C10685,3,1
C10686,4,2
C10688,4,2
C10689,4,4
C10690,1,3
C10691,4,2
C10692,2,4
C10693,2,4
C10694,3,1
C10695,4,2
C10696,4,3
C10697,1,3
C10698,1,3
C10699,4,4
C10700,2,4
C10701,1,3
C10702,2,4
C10703,1,1
C10704,4,2
C10705,3,1
C10706,1,3
C10707,3,4
C10708,1,3
C10709,1,3
C10710,4,4
C10711,1,3
C10712,3,1
C10713,2,4
C10714,3,1
C10715,3,4
C10716,4,4
C10717,4,2
C10718,4,4
C10719,2,4
C10720,4,2
C10721,3,4
C10722,2,4
C10723,1,3
C10724,2,4
C10725,4,2
C10726,2,4
C10727,1,3
C10728,1,3
C10729,1,3
C10730,3,1
C10731,4,2
C10732,3,4
C10733,3,1
C10734,1,3
C10735,4,2
C10736,4,2
C10737,1,3
C10738,3,1
C10739,4,2
C10740,2,4
C10741,3,4
C10742,1,3
C10743,1,3
C10744,3,1
C10745,3,4
C10746,3,1
C10747,1,3
C10748,1,1
C10749,3,1
C10750,1,3
C10751,1,3
C10752,4,2
C10753,4,2
C10754,1,1
C10755,4,4
C10756,2,4
C10757,3,1
C10758,3,1
C10759,1,1
C10760,4,2
C10761,4,2
C10762,1,3
C10763,3,1
C10764,3,1
C10765,3,1
C10766,1,3
C10767,3,3
C10768,2,4
C10769,1,3
C10770,1,3
C10771,1,3
C10772,2,4
C10773,3,1
C10774,3,1
C10775,4,4
C10776,4,2
C10777,4,3
C10779,2,4
C10780,1,3
C10781,1,3
C10782,1,3
C10783,1,3
C10784,4,3
C10785,1,1
C10786,4,4
C10787,4,2
C10788,1,3
C10789,2,4
C10790,1,3
C10791,1,3
C10792,3,1
C10793,1,1
C10794,3,1
C10795,3,1
C10796,1,3
C10797,4,2
C10798,3,1
C10799,4,2
C10800,3,1
C10801,4,4
C10803,3,1
C10804,3,1
C10805,4,2
C10806,4,2
C10807,1,1
C10808,4,4
C10809,1,3
C10810,3,1
C10811,4,2
C10812,4,2
C10813,2,4
C10814,2,4
C10815,1,3
C10816,3,1
C10817,1,1
C10818,1,3
C10819,3,4
C10820,2,4
C10821,1,1
C10822,1,1
C10823,3,1
C10824,2,4
C10825,3,3
C10826,2,4
C10827,2,4
C10828,2,4
C10829,1,1
C10830,4,2
C10831,1,3
C10832,1,3
C10833,2,4
C10834,1,3
C10835,4,2
C10836,4,2
C10837,3,1
C10838,2,3
C10839,1,3
C10840,3,4
C10841,1,3
C10843,3,1
C10844,3,4
C10845,3,1
C10846,4,4
C10847,1,3
C10848,2,4
C10849,3,1
C10850,1,3
C10852,3,1
C10853,3,1
C10854,3,1
C10855,4,4
C10856,3,1
C10857,1,3
C10858,2,4
C10859,2,4
C10860,1,3
C10861,1,1
C10862,3,1
C10863,3,1
C10864,3,1
C10865,4,4
C10866,2,3
C10867,2,4
C10868,2,4
C10869,2,4
C10870,3,3
C10871,4,4
C10872,1,3
C10873,4,2
C10874,1,3
C10875,4,2
C10876,1,3
C10877,3,1
C10878,2,4
C10879,1,3
C10880,4,4
C10881,3,1
C10882,1,3
C10883,3,1
C10884,1,3
C10885,4,2
C10886,3,1
C10887,4,2
C10888,4,2
C10889,3,1
C10890,2,4
C10891,2,1
C10892,4,2
C10893,4,4
C10894,4,3
C10895,2,4
C10896,1,1
C10897,1,3
C10898,1,1
C10899,3,1
C10900,3,1
C10901,1,3
C10902,4,2
C10903,1,1
C10904,1,3
C10905,4,4
C10906,3,1
C10907,2,4
C10908,3,1
C10909,1,3
C10910,1,3
C10911,3,1
C10912,2,4
C10913,1,3
C10914,1,3
C10915,4,4
C10916,1,3
C10917,4,2
C10918,4,2
C10919,2,4
C10920,4,2
C10921,4,4
C10922,4,4
C10923,3,1
C10924,1,3
C10925,4,2
C10926,4,2
C10927,2,4
C10928,3,1
C10929,1,3
C10930,2,4
C10931,3,1
C10932,3,1
C10933,1,3
C10934,1,3
C10935,3,3
C10936,3,4
C10937,3,1
C10939,3,1
C10940,4,4
C10941,1,3
C10942,1,3
C10943,3,4
C10944,2,4
C10945,2,4
C10946,2,4
C10947,3,1
C10949,4,2
C10950,4,2
C10951,3,1
C10952,4,2
C10953,3,1
C10954,4,4
C10955,1,3
C10956,2,4
C10957,1,3
C10958,2,4
C10959,4,2
C10960,4,4
C10961,1,3
C10962,3,1
C10963,1,3
C10965,2,4
C10966,4,3
C10967,1,3
C10968,2,4
C10969,3,1
C10970,4,4
C10971,3,1
C10972,4,2
C10973,1,3
C10974,3,1
C10975,4,2
C10976,1,1
C10977,1,3
C10978,4,4
C10979,1,1
C10980,3,4
C10981,3,1
C10982,3,1
C10983,2,4
C10984,3,4
C10985,4,4
C10986,4,2
C10987,3,1
C10988,1,3
C10989,3,1
C10990,3,1
C10991,3,4
C10992,3,1
C10993,3,1
C10994,4,2
C10995,1,3
C10996,1,3
C10997,2,4
C10998,2,4
C10999,2,4
C11000,2,4
C11001,4,4
C11002,3,4
C11003,1,1
C11004,4,2
C11005,4,4
C11006,1,3
C11007,4,2
C11008,3,1
C11009,2,4
C11010,4,4
C11011,1,3
C11012,3,1
C11013,3,4
C11014,3,1
C11015,4,2
C11016,4,2
C11017,3,1
C11018,1,3
C11019,4,4
C11020,3,1
C11021,3,1
C11022,2,4
C11023,1,3
C11024,4,2
C11025,2,4
C11026,3,1
C11027,3,4
C11028,1,3
C11029,3,1
C11030,2,4
C11031,1,1
C11032,2,4
C11033,2,4
C11034,3,1
C11035,3,1
C11036,3,1
C11038,3,1
C11039,3,1
C11040,4,4
C11041,2,4
C11042,1,3
C11043,2,4
C11044,3,3
C11045,4,2
C11046,3,3
C11047,1,3
C11048,3,1
C11049,3,4
C11050,4,4
C11051,3,1
C11052,1,3
C11053,4,4
C11054,4,2
C11055,3,1
C11056,3,1
C11057,2,4
C11058,2,4
C11059,3,1
C11060,2,4
C11061,3,1
C11062,3,1
C11063,3,1
C11064,1,3
C11065,1,3
C11066,4,2
C11067,1,1
C11068,1,3
C11069,3,1
C11070,1,3
C11071,3,1
C11072,1,3
C11073,4,4
C11074,3,1
C11075,3,1
C11076,3,1
C11077,3,1
C11078,2,4
C11079,1,3
C11080,3,4
C11081,3,4
C11082,4,4
C11083,3,1
C11084,3,1
C11085,1,3
C11086,3,1
C11087,2,4
C11088,4,2
C11089,2,1
C11090,2,4
C11091,2,4
C11092,3,1
C11093,2,4
C11094,4,2
C11095,3,1
C11096,4,2
C11097,3,4
C11098,1,3
C11099,3,1
C11100,3,1
C11101,3,1
C11102,1,1
C11103,1,3
C11104,3,1
C11105,3,1
C11106,2,4
C11107,3,3
C11108,3,1
C11109,3,4
C11110,3,3
C11111,1,3
C11112,3,1
C11113,3,4
C11114,4,2
C11115,3,1
C11116,3,4
C11117,3,1
C11118,3,3
C11119,2,4
C11120,3,4
C11121,1,3
C11122,4,2
C11123,1,3
C11124,1,3
C11125,2,4
C11126,1,3
C11128,3,4
C11129,1,3
C11130,3,1
C11131,2,2
C11132,1,3
C11133,3,1
C11134,4,2
C11135,3,1
C11136,1,3
C11137,2,4
C11138,2,4
C11139,4,2
C11140,1,1
C11141,3,1
C11142,3,4
C11143,2,4
C11145,1,3
C11146,3,1
C11148,1,3
C11149,2,4
C11150,3,1
C11151,1,3
C11152,1,3
C11153,3,1
C11154,2,4
C11155,3,1
C11156,2,4
C11157,1,3
C11158,1,1
C11159,3,1
C11161,3,4
C11162,3,4
C11163,3,1
C11164,4,4
C11165,4,4
C11166,3,1
C11167,2,4
C11169,3,1
C11170,3,1
C11171,3,1
C11172,3,1
C11173,1,3
C11174,1,3
C11175,4,3
C11176,3,1
C11177,4,2
C11178,2,2
C11179,2,4
C11180,3,1
C11181,3,1
C11182,4,4
C11184,1,1
C11185,3,1
C11186,1,3
C11187,3,1
C11188,1,3
C11189,2,4
C11190,4,2
C11192,4,2
C11193,4,4
C11195,2,4
C11196,2,4
C11197,3,1
C11198,3,1
C11199,4,4
C11200,3,1
C11201,2,4
C11202,2,4
C11203,2,4
C11204,4,4
C11205,1,3
C11206,1,3
C11207,3,1
C11208,3,4
C11209,3,1
C11210,3,4
C11211,3,4
C11212,2,4
C11213,3,1
C11214,3,3
C11215,3,1
C11216,3,4
C11217,3,1
C11219,1,3
C11220,4,2
C11221,2,4
C11222,1,3
C11223,3,1
C11224,1,1
C11225,1,3
C11226,1,3
C11227,4,4
C11228,2,4
C11229,2,4
C11230,3,1
C11231,4,4
C11232,3,1
C11233,3,3
C11234,4,2
C11235,3,3
C11236,1,3
C11237,4,2
C11238,3,1
C11239,1,3
C11240,2,4
C11241,4,2
C11242,2,4
C11243,4,2
C11244,3,1
C11245,2,4
C11246,4,4
C11247,3,1
C11248,3,1
C11249,2,4
C11250,2,4
C11251,3,1
C11252,1,3
C11253,3,1
C11254,3,1
C11255,1,3
C11256,4,2
C11257,4,2
C11258,2,2
C11259,3,1
C11260,4,3
C11261,1,3
C11262,4,2
C11263,3,4
C11264,2,4
C11265,2,4
C11266,1,3
C11267,3,4
C11268,2,4
C11269,1,3
C11270,4,2
C11271,3,1
C11272,3,1
C11273,1,3
C11274,2,4
C11275,3,1
C11276,4,4
C11277,3,1
C11278,2,4
C11279,3,1
C11280,1,3
C11281,3,1
C11282,3,1
C11283,3,1
C11284,4,2
C11285,4,4
C11286,4,2
C11287,3,1
C11288,1,3
C11289,1,1
C11290,3,4
C11291,4,4
C11292,4,4
C11293,1,3
C11294,2,4
C11295,3,1
C11296,3,1
C11297,3,1
C11298,1,3
C11299,4,3
C11300,4,2
C11301,2,4
C11302,2,4
C11303,1,3
C11304,3,1
C11305,1,3
C11306,3,1
C11307,4,2
C11308,4,3
C11309,2,4
C11310,3,4
C11311,3,3
C11312,4,2
C11313,4,2
C11314,2,4
C11315,4,2
C11316,3,4
C11317,3,4
C11318,3,4
C11319,4,2
C11320,3,4
C11321,4,2
C11322,3,1
C11323,3,4
C11324,3,1
C11325,2,4
C11326,1,3
C11327,3,1
C11328,3,1
C11329,2,4
C11330,4,2
C11331,4,4
C11332,4,2
C11334,1,3
C11335,4,2
C11336,3,1
C11337,4,2
C11338,4,4
C11339,3,3
C11340,3,1
C11341,2,4
C11342,4,4
C11343,3,1
C11344,4,4
C11345,1,3
C11346,3,4
C11347,4,2
C11348,3,1
C11349,4,2
C11350,4,2
C11351,2,4
C11352,1,3
C11353,4,2
C11354,3,1
C11355,3,1
C11356,4,2
C11357,3,4
C11358,3,1
C11359,4,2
C11360,1,3
C11361,3,1
C11362,3,4
C11363,1,3
C11364,1,3
C11365,1,3
C11366,3,4
C11367,4,4
C11368,4,4
C11369,3,4
C11370,4,4
C11371,2,4
C11372,3,1
C11373,1,1
C11374,2,4
C11375,1,3
C11376,4,2
C11377,1,3
C11378,1,3
C11379,2,4
C11380,1,3
C11381,1,1
C11382,3,4
C11383,4,2
C11384,2,4
C11385,2,4
C11386,1,3
C11387,4,2
C11388,4,4
C11389,3,4
C11390,1,3
C11391,2,4
C11392,3,4
C11394,1,3
C11395,4,2
C11396,1,3
C11397,4,4
C11398,2,4
C11399,3,1
C11400,3,4
C11401,3,1
C11402,4,4
C11403,4,3
C11404,4,2
C11405,1,3
C11406,4,4
C11407,4,2
C11408,2,4
C11409,2,4
C11410,3,1
C11411,1,3
C11412,2,4
C11413,1,3
C11414,4,4
C11415,4,2
C11416,4,4
C11417,4,4
C11418,3,1
C11419,4,4
C11420,4,2
C11421,3,4
C11422,3,4
C11423,3,4
C11424,1,1
C11425,3,4
C11426,2,4
C11427,2,4
C11428,4,2
C11429,3,1
C11430,4,4
C11431,3,1
C11432,3,1
C11433,1,3
C11434,3,1
C11435,1,3
C11436,2,4
C11437,3,1
C11438,3,4
C11439,3,1
C11440,3,1
C11441,4,4
C11442,2,4
C11443,1,3
C11444,2,4
C11445,4,2
C11446,1,3
C11447,2,4
C11448,3,3
C11449,4,4
C11450,2,4
C11451,3,4
C11452,4,2
C11453,1,3
C11454,2,4
C11455,2,4
C11456,1,3
C11457,4,2
C11458,4,2
C11459,2,4
C11460,3,1
C11461,2,4
C11463,4,2
C11464,3,1
C11466,3,4
C11467,3,1
C11468,4,4
C11469,3,4
C11470,4,2
C11471,4,2
C11472,1,3
C11473,3,1
C11474,3,1
C11475,4,2
C11476,3,1
C11477,3,3
C11478,2,4
C11479,3,4
C11480,4,2
C11481,2,4
C11482,4,2
C11483,1,3
C11484,4,4
C11485,2,4
C11486,2,4
C11487,4,2
C11488,1,4
C11489,3,4
C11490,1,3
C11491,4,4
C11492,4,2
C11493,3,4
C11494,2,4
C11495,4,2
C11496,2,4
C11497,1,1
C11498,1,3
C11499,1,3
C11500,2,4
C11501,1,3
C11502,4,2
C11503,2,4
C11504,3,1
C11505,2,4
C11506,3,4
C11507,4,4
C11508,4,2
C11509,1,3
C11510,1,3
C11511,4,2
C11512,1,1
C11513,4,2
C11514,4,2
C11515,1,3
C11516,4,4
C11517,1,3
C11518,3,4
C11519,4,2
C11520,3,4
C11522,2,4
C11523,4,4
C11524,1,3
C11526,3,1
C11527,4,2
C11528,4,2
C11529,4,2
C11530,3,1
C11531,1,3
C11532,4,2
C11533,4,4
C11534,2,4
C11536,3,1
C11537,1,3
C11538,1,3
C11539,3,4
C11540,1,3
C11541,4,2
C11542,1,3
C11543,3,1
C11544,1,3
C11545,4,4
C11546,3,1
C11547,2,4
C11548,4,2
C11549,4,2
C11550,4,4
C11551,3,1
C11552,2,4
C11553,2,4
C11554,4,2
C11555,1,1
C11556,1,3
C11557,3,1
C11558,2,4
C11559,1,3
C11560,3,1
C11561,4,2
C11562,3,4
C11563,1,1
C11564,1,3
C11565,2,4
C11566,4,4
C11567,4,4
C11568,1,3
C11569,1,3
C11570,4,2
C11571,1,4
C11572,3,4
C11573,4,2
C11574,4,4
C11575,4,2
C11576,1,3
C11577,2,4
C11578,4,2
C11579,3,1
C11580,3,1
C11581,3,1
C11582,1,1
C11583,4,2
C11585,4,2
C11586,2,4
C11587,3,1
C11588,1,3
C11589,1,3
C11590,3,1
C11591,2,4
C11592,3,1
C11593,2,4
C11594,3,1
C11595,3,4
C11596,3,1
C11597,4,2
C11598,1,3
C11599,1,3
C11600,3,1
C11601,4,2
C11602,3,1
C11603,1,3
C11604,4,4
C11605,2,4
C11606,2,4
C11607,3,4
C11608,2,4
C11609,2,4
C11610,1,1
C11611,4,2
C11612,4,2
C11613,3,1
C11614,1,3
C11615,1,3
C11616,3,1
C11617,3,1
C11618,2,4
C11619,4,2
C11621,2,4
C11622,4,2
C11623,3,1
C11624,3,3
C11625,4,2
C11626,2,4
C11627,3,1
C11628,4,3
C11629,3,1
C11630,1,3
C11631,1,3
C11632,3,1
C11633,3,1
C11634,3,1
C11635,4,2
C11636,3,1
C11637,2,4
C11638,4,2
C11639,2,4
C11640,3,1
C11641,4,2
C11642,3,4
C11643,2,4
C11644,2,4
C11645,2,4
C11646,2,4
C11647,3,4
C11648,3,2
C11649,2,4
C11650,2,4
C11651,2,4
C11652,1,3
C11653,1,3
C11654,2,4
C11655,3,1
C11656,4,2
C11657,4,2
C11658,4,2
C11659,2,4
C11660,2,4
C11661,3,1
C11662,4,2
C11663,4,4
C11664,3,4
C11666,1,3
C11667,4,4
C11668,2,4
C11669,4,2
C11670,4,2
C11671,4,2
C11672,4,2
C11673,2,4
C11674,3,1
C11675,3,1
C11676,3,4
C11677,2,4
C11678,4,2
C11679,3,1
C11680,1,3
C11681,1,3
C11682,2,4
C11683,1,3
C11684,3,1
C11685,4,2
C11686,3,4
C11687,1,3
C11688,2,4
C11689,3,1
C11690,1,3
C11691,3,1
C11692,4,2
C11693,4,2
C11694,3,1
C11695,4,2
C11696,2,4
C11697,3,1
C11698,4,4
C11699,2,4
C11700,1,3
C11701,4,4
C11702,1,3
C11703,4,2
C11704,4,2
C11705,3,1
C11706,1,3
C11707,4,2
C11708,4,4
C11709,3,1
C11710,4,2
C11711,1,3
C11712,2,4
C11713,3,1
C11714,1,3
C11715,4,2
C11716,3,1
C11717,4,2
C11718,2,4
C11719,3,1
C11720,2,4
C11721,4,2
C11722,3,1
C11723,2,4
C11724,4,2
C11725,4,4
C11726,2,4
C11728,2,4
C11729,4,4
C11730,1,3
C11731,1,3
C11732,2,4
C11733,4,2
C11734,3,1
C11735,1,3
C11736,4,4
C11737,1,3
C11738,3,1
C11739,4,4
C11740,2,4
C11741,1,3
C11742,2,4
C11743,1,3
C11744,1,3
C11745,1,3
C11746,2,4
C11747,3,1
C11749,3,1
C11750,3,1
C11751,3,1
C11752,3,4
C11753,4,2
C11754,1,3
C11755,3,3
C11756,1,1
C11757,1,3
C11758,4,2
C11759,2,4
C11760,4,2
C11761,3,1
C11762,1,3
C11763,4,2
C11764,4,4
C11765,4,4
C11766,1,3
C11767,2,4
C11768,1,1
C11769,3,1
C11770,4,2
C11771,2,4
C11773,4,4
C11774,4,4
C11775,1,3
C11776,4,2
C11777,4,4
C11778,4,4
C11779,1,3
C11780,2,4
C11781,3,1
C11782,3,1
C11784,3,1
C11785,4,2
C11786,4,2
C11787,4,4
C11788,3,1
C11789,3,1
C11790,3,1
C11791,3,1
C11792,2,2
C11794,1,3
C11795,4,1
C11796,3,1
C11797,4,2
C11798,4,2
C11799,1,1
C11800,4,2
C11801,2,4
C11802,3,1
C11803,2,2
C11804,2,4
C11805,2,4
C11806,4,2
C11807,3,4
C11808,2,4
C11809,3,3
C11810,2,2
C11811,3,4
C11813,4,2
C11814,4,2
C11815,4,2
C11816,4,2
C11817,3,1
C11818,2,4
C11819,4,2
C11820,1,3
C11821,3,4
C11822,4,3
C11823,4,2
C11824,4,2
C11825,4,2
C11826,3,1
C11827,4,2
C11828,2,4
C11829,1,3
C11830,2,4
C11831,2,4
C11832,4,2
C11833,2,4
C11834,1,3
C11835,4,2
C11836,1,3
C11837,1,3
C11838,1,3
C11839,3,1
C11840,3,4
C11841,1,3
C11842,4,2
C11843,3,1
C11844,4,2
C11845,3,1
C11846,3,3
C11847,1,3
C11848,4,4
C11849,3,1
C11850,2,4
C11851,4,2
C11852,3,1
C11853,3,4
C11854,3,1
C11855,1,3
C11856,4,4
C11857,4,2
C11858,3,1
C11859,1,3
C11860,3,1
C11861,1,3
C11862,3,1
C11863,2,4
C11864,1,3
C11865,3,4
C11866,2,4
C11867,3,1
C11868,1,1
C11869,3,1
C11870,1,3
C11871,1,3
C11872,3,1
C11873,1,4
C11874,2,2
C11875,4,4
C11876,1,1
C11877,4,2
C11878,1,3
C11879,3,1
C11880,3,1
C11881,2,4
C11882,2,4
C11883,4,4
C11884,4,2
C11885,3,1
C11886,4,2
C11887,4,2
C11888,2,4
C11889,1,3
C11890,3,1
C11892,1,3
C11893,1,3
C11894,2,4
C11895,2,4
C11896,1,3
C11897,4,2
C11898,2,4
C11899,2,4
C11900,3,1
C11901,4,4
C11902,1,3
C11903,4,2
C11904,2,4
C11905,4,2
C11906,4,2
C11907,3,1
C11908,2,4
C11909,2,4
C11910,3,4
C11911,3,1
C11912,4,2
C11913,3,4
C11914,3,1
C11915,1,1
C11916,2,4
C11917,1,3
C11918,4,2
C11919,1,3
C11920,3,4
C11921,2,4
C11922,2,4
C11924,2,4
C11925,3,1
C11926,4,3
C11927,2,4
C11928,1,3
C11929,4,2
C11930,3,4
C11931,3,1
C11932,4,4
C11933,4,2
C11934,1,3
C11935,2,4
C11936,3,1
C11937,2,4
C11938,2,4
C11939,1,3
C11940,2,4
C11941,3,4
C11942,4,4
C11943,4,3
C11944,3,1
C11945,1,3
C11946,4,4
C11947,3,4
C11948,3,1
C11949,3,4
C11950,3,1
C11951,3,4
C11952,1,3
C11953,2,4
C11954,3,4
C11955,4,2
C11956,1,3
C11957,3,1
C11958,1,1
C11959,3,1
C11960,2,4
C11961,3,1
C11962,3,1
C11963,1,3
C11964,4,2
C11965,4,2
C11966,1,3
C11967,1,3
C11968,4,2
C11969,1,3
C11970,2,4
C11971,1,3
C11972,2,4
C11973,3,1
C11974,4,2
C11975,1,3
C11976,2,4
C11977,4,2
C11978,3,1
C11979,1,3
C11980,2,4
C11981,1,3
C11982,1,3
C11983,1,3
C11984,3,1
C11985,1,3
C11986,1,3
C11987,1,3
C11988,2,4
C11989,2,4
C11990,3,1
C11991,2,4
C11992,1,3
C11993,2,4
C11994,3,1
C11995,1,3
C11996,1,3
C11997,3,1
C11998,1,3
C11999,1,3
C12000,3,1
C12001,3,1
C12002,1,3
C12004,3,1
C12005,3,1
C12006,4,2
C12007,4,2
C12008,4,4
C12009,2,4
C12010,2,4
C12011,2,4
C12012,2,3
C12013,1,3
C12014,1,3
C12015,2,4
C12016,4,2
C12017,4,3
C12018,1,3
C12019,2,4
C12020,1,3
C12021,3,1
C12022,4,2
C12023,3,4
C12024,4,2
C12025,1,3
C12026,1,3
C12027,3,4
C12028,3,1
C12029,3,1
C12030,2,4
C12031,2,2
C12032,1,3
C12033,3,4
C12034,1,3
C12035,2,4
C12036,2,4
C12037,1,3
C12038,4,4
C12039,3,3
C12040,2,4
C12041,2,4
C12042,4,2
C12043,3,1
C12044,3,1
C12045,3,1
C12046,1,3
C12047,1,1
C12048,2,4
C12049,4,2
C12050,3,3
C12051,1,3
C12052,2,4
C12053,3,4
C12054,4,2
C12055,3,1
C12056,4,4
C12057,3,1
C12058,3,1
C12059,2,4
C12060,4,4
C12061,3,1
C12062,2,4
C12063,3,3
C12064,1,3
C12065,3,1
C12066,1,3
C12067,2,4
C12068,3,1
C12069,3,1
C12070,2,4
C12071,1,3
C12072,2,4
C12073,3,1
C12074,3,1
C12075,2,4
C12076,3,1
C12077,1,3
C12078,4,2
C12079,4,2
C12080,3,1
C12081,4,4
C12082,1,3
C12083,1,3
C12084,2,4
C12085,3,4
C12086,4,4
C12087,4,2
C12088,4,2
C12089,3,1
C12090,3,1
C12091,4,4
C12092,4,2
C12093,3,4
C12094,2,4
C12095,2,4
C12096,2,4
C12097,1,3
C12098,3,1
C12099,3,1
C12100,2,4
C12101,1,3
C12102,1,3
C12103,4,2
C12104,3,1
C12105,2,4
C12107,1,3
C12108,1,3
C12109,1,3
C12110,4,2
C12111,4,4
C12112,1,3
C12113,3,1
C12114,1,3
C12115,4,2
C12116,2,4
C12117,3,1
C12118,4,2
C12119,4,4
C12120,1,3
C12121,3,1
C12122,1,3
C12124,4,2
C12125,3,1
C12127,1,3
C12128,1,3
C12129,3,1
C12130,3,1
C12131,1,3
C12132,3,1
C12133,2,4
C12134,4,4
C12135,2,4
C12136,1,3
C12137,4,2
C12138,1,3
C12139,3,1
C12140,4,2
C12141,1,3
C12142,2,4
C12143,4,2
C12144,3,1
C12145,1,3
C12146,1,3
C12147,4,2
C12148,4,2
C12149,3,1
C12150,4,4
C12151,3,1
C12152,1,3
C12153,1,3
C12154,4,2
C12155,1,3
C12156,1,3
C12157,3,3
C12158,4,2
C12159,2,4
C12160,2,2
C12161,4,2
C12162,3,1
C12163,1,3
C12164,3,1
C12165,3,4
C12166,3,1
C12167,1,3
C12168,2,4
C12169,3,1
C12170,3,1
C12171,3,1
C12172,1,3
C12173,2,4
C12174,1,1
C12175,4,2
C12176,2,4
C12177,3,1
C12178,4,4
C12179,3,1
C12180,4,1
C12181,4,4
C12182,4,2
C12183,3,3
C12184,3,3
C12185,1,3
C12186,1,3
C12187,1,3
C12188,2,4
C12189,3,1
C12190,4,4
C12191,2,4
C12192,2,4
C12194,3,4
C12195,2,4
C12196,4,2
C12197,3,1
C12198,1,3
C12199,4,2
C12200,3,1
C12201,2,4
C12202,3,1
C12203,2,4
C12204,3,1
C12205,4,4
C12206,3,1
C12207,4,2
C12208,4,4
C12209,3,1
C12210,4,4
C12211,2,4
C12212,3,4
C12213,4,4
C12214,2,1
C12215,1,3
C12216,3,1
C12217,3,4
C12218,2,4
C12219,4,2
C12220,2,2
C12221,4,4
C12222,1,1
C12223,1,1
C12224,4,2
C12225,4,2
C12226,1,3
C12227,3,1
C12228,2,4
C12229,2,4
C12230,3,1
C12231,4,4
C12232,2,4
C12233,1,1
C12234,3,1
C12235,2,4
C12236,3,1
C12237,3,1
C12238,1,3
C12239,2,4
C12240,3,1
C12241,1,3
C12242,2,4
C12243,2,4
C12244,4,2
C12246,2,4
C12247,1,3
C12248,3,1
C12249,1,3
C12250,4,4
C12251,2,4
C12252,3,1
C12253,2,2
C12254,3,1
C12255,4,4
C12256,4,2
C12257,1,3
C12258,1,3
C12260,1,3
C12261,3,1
C12262,1,3
C12263,3,1
C12264,3,4
C12265,1,3
C12266,2,4
C12267,1,3
C12268,3,1
C12269,1,3
C12270,3,1
C12271,1,1
C12272,4,2
C12273,4,2
C12274,4,2
C12275,1,3
C12276,2,4
C12277,4,2
C12278,2,4
C12279,1,3
C12280,3,1
C12281,4,2
C12282,3,1
C12283,3,4
C12284,1,3
C12285,3,4
C12286,4,2
C12287,4,2
C12288,3,1
C12289,4,2
C12291,3,1
C12292,2,4
C12293,3,1
C12294,3,1
C12295,4,2
C12296,1,3
C12297,3,1
C12298,3,1
C12299,3,1
C12300,2,4
C12301,3,1
C12302,4,2
C12303,2,4
C12304,3,1
C12305,4,4
C12306,4,4
C12307,3,1
C12308,2,4
C12309,2,4
C12310,1,3
C12311,4,2
C12312,3,1
C12313,3,1
C12314,2,4
C12315,2,4
C12316,1,3
C12317,3,1
C12318,1,3
C12319,1,3
C12320,3,4
C12321,4,2
C12322,3,1
C12323,2,4
C12324,1,1
C12325,2,4
C12326,3,4
C12327,4,2
C12329,1,3
C12330,4,2
C12331,3,1
C12332,4,2
C12333,2,4
C12334,1,3
C12335,3,1
C12336,4,2
C12337,1,3
C12338,1,3
C12339,3,4
C12340,3,1
C12341,3,4
C12342,1,3
C12343,4,4
C12344,3,1
C12345,2,4
C12346,3,1
C12347,4,2
C12348,4,4
C12349,1,3
C12350,3,4
C12351,2,4
C12352,3,1
C12353,3,1
C12354,3,1
C12355,3,1
C12356,4,4
C12357,4,2
C12358,2,4
C12359,4,2
C12360,3,1
C12361,2,4
C12362,4,2
C12363,3,1
C12364,2,4
C12365,3,1
C12366,3,1
C12367,4,2
C12368,3,1
C12369,1,3
C12370,3,3
C12371,1,3
C12372,2,4
C12373,1,1
C12374,2,4
C12375,3,3
C12376,1,3
C12377,1,3
C12378,3,1
C12381,2,4
C12382,4,2
C12383,4,2
C12384,4,2
C12385,1,3
C12386,3,1
C12387,2,4
C12388,3,1
C12389,2,4
C12390,2,4
C12391,2,4
C12392,3,1
C12393,3,1
C12394,3,4
C12395,1,1
C12396,3,1
C12397,1,3
C12398,2,4
C12399,3,1
C12400,2,4
C12401,3,1
C12402,1,3
C12403,2,4
C12404,4,2
C12405,4,2
C12406,2,4
C12407,2,4
C12408,3,1
C12409,4,2
C12410,4,2
C12411,3,1
C12412,4,2
C12413,1,3
C12414,3,4
C12415,1,3
C12416,1,3
C12417,1,3
C12418,4,2
C12419,2,4
C12420,2,4
C12421,1,3
C12422,1,3
C12423,3,4
C12424,4,4
C12425,3,1
C12426,3,3
C12427,3,4
C12428,2,4
C12429,3,1
C12430,2,4
C12431,1,1
C12432,4,4
C12433,4,4
C12434,1,3
C12435,4,2
C12436,4,2
C12437,1,3
C12438,1,1
C12439,1,3
C12440,2,4
C12441,2,4
C12442,4,4
C12443,3,1
C12444,3,1
C12445,2,4
C12446,4,2
C12447,1,3
C12448,3,1
C12449,2,4
C12450,1,3
C12451,3,1
C12452,2,4
C12453,2,4
C12454,2,4
C12455,4,4
C12456,4,3
C12457,4,2
C12458,1,3
C12459,3,4
C12460,1,3
C12461,2,4
C12462,1,3
C12463,3,1
C12464,4,2
C12465,1,3
C12466,3,1
C12467,1,3
C12468,4,2
C12469,3,1
C12470,1,3
C12471,4,2
C12472,1,1
C12473,4,2
C12474,4,4
C12475,3,1
C12476,1,3
C12477,2,4
C12478,2,4
C12479,4,2
C12480,3,1
C12481,1,3
C12482,2,4
C12483,2,4
C12484,2,4
C12485,1,3
C12486,1,3
C12487,3,1
C12488,2,4
C12489,4,2
C12490,2,4
C12491,2,4
C12492,2,4
C12493,4,2
C12494,4,2
C12495,1,3
C12497,3,1
C12498,3,1
C12499,3,1
C12500,1,1
C12501,1,3
C12502,3,1
C12503,3,1
C12504,3,1
C12505,4,2
C12506,1,3
C12507,3,4
C12508,2,4
C12509,2,4
C12510,2,4
C12511,1,3
C12512,2,4
C12513,1,3
C12514,2,2
C12515,1,3
C12516,1,3
C12517,2,4
C12518,2,2
C12519,4,4
C12520,1,3
C12521,3,1
C12522,1,3
C12523,1,3
C12524,3,1
C12525,1,3
C12526,2,4
C12527,4,2
C12528,1,3
C12529,3,1
C12530,3,1
C12531,4,2
C12532,3,1
C12533,3,4
C12534,3,4
C12535,3,1
C12536,3,1
C12537,1,3
C12538,2,4
C12539,1,3
C12540,3,1
C12541,1,3
C12542,4,2
C12543,1,3
C12544,1,3
C12545,2,4
C12546,3,1
C12547,4,2
C12548,1,3
C12549,1,3
C12550,4,4
C12551,4,2
C12552,2,1
C12553,2,4
C12554,2,4
C12555,3,1
C12556,3,1
C12557,3,3
C12558,2,4
C12559,2,2
C12560,3,1
C12561,1,3
C12562,1,3
C12563,1,3
C12564,1,3
C12565,2,3
C12566,4,4
C12567,3,1
C12568,1,3
C12569,1,3
C12570,3,3
C12571,4,4
C12572,4,2
C12573,4,2
C12574,4,2
C12575,2,4
C12576,4,4
C12577,4,2
C12578,3,1
C12579,1,3
C12580,4,2
C12581,3,1
C12582,2,4
C12583,2,4
C12584,3,1
C12585,1,3
C12586,3,1
C12587,1,3
C12588,1,3
C12589,4,2
C12590,1,3
C12591,3,3
C12592,4,2
C12593,1,3
C12594,3,1
C12595,3,4
C12596,4,2
C12597,4,2
C12598,2,4
C12599,3,1
C12600,3,1
C12601,4,2
C12602,4,4
C12603,1,3
C12604,2,4
C12605,1,3
C12606,3,1
C12607,3,1
C12608,2,4
C12609,2,4
C12610,2,4
C12611,4,4
C12612,3,3
C12613,2,4
C12614,1,3
C12615,3,1
C12616,3,1
C12617,3,4
C12618,4,4
C12619,2,4
C12620,1,3
C12621,1,3
C12622,1,3
C12623,2,4
C12624,4,2
C12625,4,4
C12626,3,1
C12627,2,4
C12628,1,3
C12629,1,3
C12630,3,1
C12631,3,1
C12632,2,4
C12633,3,1
C12634,4,2
C12635,1,3
C12636,3,1
C12637,3,1
C12638,3,1
C12639,1,3
C12640,3,1
C12641,4,2
C12642,4,4
C12643,3,4
C12644,1,3
C12645,1,3
C12646,1,3
C12647,4,2
C12648,1,3
C12650,3,1
C12651,1,3
C12652,3,1
C12653,1,3
C12654,1,3
C12655,3,4
C12656,1,3
C12657,2,4
C12658,2,4
C12659,3,4
C12660,1,3
C12661,2,4
C12663,3,1
C12664,2,4
C12665,3,1
C12666,2,4
C12667,4,2
C12668,3,1
C12669,1,3
C12670,1,3
C12671,1,3
C12672,1,3
C12673,3,1
C12674,1,3
C12675,1,3
C12676,4,4
C12677,2,4
C12678,3,1
C12679,3,3
C12680,2,4
C12681,1,1
C12682,1,3
C12683,1,3
C12684,1,3
C12685,2,4
C12686,3,1
C12687,3,1
C12688,1,3
C12689,4,2
C12690,1,3
C12691,3,1
C12692,2,4
C12693,3,1
C12694,2,4
C12695,1,1
C12696,2,4
C12697,3,1
C12698,2,4
C12699,3,1
C12700,2,4
C12701,1,3
C12702,3,1
C12703,2,4
C12704,3,3
C12705,4,2
C12706,2,1
C12707,1,3
C12708,1,3
C12709,1,3
C12710,3,1
C12712,4,2
C12713,3,4
C12714,3,1
C12715,3,1
C12716,1,3
C12717,4,4
C12718,2,4
C12719,1,3
C12720,1,3
C12721,3,1
C12722,1,3
C12723,2,4
C12724,2,4
C12725,3,1
C12726,1,3
C12727,3,1
C12728,3,1
C12729,1,3
C12730,2,4
C12731,3,4
C12732,2,4
C12733,4,4
C12734,1,3
C12735,3,1
C12736,3,1
C12737,1,3
C12738,1,3
C12739,4,4
C12740,3,1
C12741,4,2
C12742,2,4
C12743,2,4
C12744,1,3
C12745,3,4
C12746,1,3
C12747,2,4
C12748,4,2
C12749,3,3
C12750,1,3
C12751,3,1
C12752,3,4
C12753,1,3
C12754,1,3
C12755,1,4
C12756,2,4
C12757,1,3
C12758,1,3
C12759,1,3
C12760,2,4
C12761,1,3
C12762,1,3
C12763,2,4
C12764,4,2
C12765,4,2
C12766,2,4
C12767,1,3
C12768,3,1
C12769,1,3
C12770,1,3
C12771,3,1
C12772,1,3
C12773,1,3
C12774,4,2
C12775,4,2
C12776,1,3
C12777,3,1
C12778,3,4
C12779,2,4
C12780,3,1
C12781,3,1
C12782,3,1
C12783,1,1
C12784,2,4
C12786,1,3
C12787,4,2
C12788,1,3
C12789,3,1
C12790,4,4
C12791,3,1
C12792,3,1
C12793,2,3
C12794,1,3
C12795,4,2
C12796,4,2
C12797,2,4
C12798,3,1
C12799,4,4
C12800,1,3
C12801,4,2
C12802,4,4
C12803,3,1
C12804,1,3
C12805,1,3
C12806,4,2
C12807,1,3
C12808,1,3
C12809,2,4
C12810,4,4
C12811,3,1
C12812,2,4
C12813,3,4
C12814,3,1
C12815,4,3
C12816,3,1
C12818,1,3
C12819,3,4
C12820,1,3
C12821,1,3
C12822,4,4
C12823,2,3
C12824,4,2
C12825,1,3
C12826,3,1
C12827,2,4
C12828,2,4
C12829,4,2
C12830,4,4
C12831,2,4
C12832,3,1
C12833,3,1
C12834,1,3
C12835,1,3
C12836,4,2
C12837,4,4
C12838,4,2
C12839,4,2
C12840,4,2
C12841,1,3
C12842,4,3
C12843,3,4
C12844,2,4
C12845,3,1
C12846,2,4
C12847,2,4
C12848,3,3
C12849,1,3
C12850,3,1
C12851,3,4
C12852,3,1
C12853,3,1
C12854,3,1
C12855,4,4
C12857,3,1
C12858,4,4
C12859,1,3
C12860,1,3
C12861,2,4
C12862,4,4
C12863,4,2
C12864,4,4
C12865,3,1
C12866,4,4
C12867,3,4
C12868,2,4
C12869,3,1
C12871,3,1
C12872,3,1
C12873,1,3
C12874,4,2
C12875,3,1
C12876,3,1
C12877,1,3
C12878,3,1
C12879,3,1
C12880,3,4
C12881,4,4
C12883,4,2
C12884,3,1
C12885,4,2
C12886,3,1
C12887,3,4
C12888,4,2
C12889,3,1
C12890,2,4
C12891,2,4
C12892,4,4
C12893,4,2
C12894,3,1
C12895,2,4
C12896,3,1
C12897,1,3
C12898,4,2
C12899,3,1
C12900,1,3
C12901,3,1
C12902,1,3
C12903,2,4
C12904,4,2
C12905,4,2
C12906,1,1
C12907,1,3
C12908,3,1
C12909,4,4
C12910,1,3
C12911,1,3
C12912,1,3
C12913,1,1
C12914,2,3
C12915,4,4
C12916,4,2
C12917,3,1
C12918,1,3
C12919,4,2
C12920,1,3
C12921,1,3
C12922,1,3
C12923,3,1
C12924,2,4
C12925,4,2
C12926,3,1
C12927,3,1
C12928,1,3
C12929,4,2
C12930,2,4
C12931,2,4
C12932,3,4
C12933,1,3
C12934,4,3
C12935,2,4
C12936,2,4
C12937,3,4
C12938,2,4
C12939,1,1
C12941,3,4
C12943,1,3
C12944,3,1
C12945,3,1
C12946,1,3
C12947,3,4
C12948,3,1
C12949,1,3
C12950,3,4
C12951,1,3
C12952,4,2
C12953,1,3
C12954,4,2
C12955,4,4
C12956,2,4
C12957,4,4
C12958,3,1
C12959,2,4
C12960,3,1
C12961,3,4
C12962,3,3
C12963,3,1
C12964,3,1
C12965,3,1
C12966,3,1
C12967,3,1
C12968,1,3
C12969,2,4
C12970,1,3
C12971,1,3
C12972,1,3
C12973,1,3
C12974,3,1
C12975,2,4
C12976,2,4
C12977,3,1
C12978,1,3
C12979,3,4
C12980,3,1
C12981,4,2
C12982,3,1
C12983,2,4
C12984,2,4
C12985,2,4
C12986,3,4
C12987,2,4
C12988,4,3
C12989,4,4
C12990,2,4
C12991,3,1
C12992,3,1
C12993,3,1
C12994,3,1
C12995,3,1
C12996,3,4
C12997,4,2
C12998,2,4
C12999,1,3
C13000,2,4
C13001,2,4
C13002,4,2
C13004,2,4
C13005,3,1
C13006,3,1
C13007,1,3
C13008,1,3
C13009,3,1
C13011,3,1
C13012,1,3
C13013,4,4
C13014,1,1
C13015,3,1
C13016,2,4
C13017,4,2
C13018,2,4
C13019,3,1
C13020,2,4
C13021,1,3
C13022,1,3
C13023,1,3
C13024,3,1
C13025,3,3
C13026,2,4
C13027,1,3
C13028,3,1
C13029,3,1
C13031,3,4
C13032,3,1
C13033,3,1
C13034,1,3
C13035,2,4
C13036,3,1
C13037,3,1
C13038,4,2
C13039,3,4
C13040,3,1
C13041,1,3
C13042,3,1
C13043,1,1
C13044,3,2
C13045,2,4
C13046,2,4
C13047,1,1
C13048,4,2
C13049,1,1
C13050,3,3
C13051,1,3
C13052,1,3
C13053,1,3
C13054,3,1
C13056,1,1
C13057,3,1
C13058,4,2
C13059,3,4
C13060,2,4
C13061,1,3
C13062,3,1
C13063,4,4
C13064,4,2
C13065,2,4
C13066,2,4
C13067,1,3
C13068,3,1
C13069,2,4
C13070,3,4
C13071,1,3
C13072,3,1
C13073,4,2
C13074,3,1
C13076,4,4
C13077,4,2
C13078,1,3
C13079,2,4
C13080,1,3
C13081,1,3
C13082,2,4
C13083,3,1
C13084,1,3
C13085,2,4
C13086,2,4
C13087,2,4
C13088,3,1
C13089,4,4
C13090,1,3
C13091,3,1
C13092,3,4
C13093,2,4
C13094,3,1
C13095,4,4
C13096,4,2
C13097,4,4
C13098,3,1
C13099,4,2
C13100,4,4
C13101,3,1
C13102,2,4
C13103,1,3
C13104,2,4
C13105,2,4
C13106,3,4
C13107,2,4
C13108,4,4
C13109,4,2
C13110,3,1
C13111,4,4
C13112,4,4
C13113,1,3
C13114,2,4
C13115,4,4
C13116,1,3
C13117,2,4
C13118,3,1
C13119,4,2
C13120,3,1
C13121,1,3
C13122,1,3
C13123,3,3
C13124,1,1
C13125,1,3
C13126,3,1
C13127,1,3
C13128,1,3
C13129,3,1
C13130,2,4
C13131,2,2
C13132,3,1
C13133,3,1
C13134,1,3
C13135,1,1
C13136,2,1
C13137,1,1
C13138,3,1
C13139,3,1
C13140,1,3
C13141,2,4
C13142,2,4
C13143,2,4
C13144,4,2
C13145,2,4
C13146,4,4
C13147,3,4
C13148,4,4
C13149,1,3
C13150,3,4
C13151,1,3
C13152,1,3
C13153,2,4
C13154,3,1
C13155,3,1
C13156,3,1
C13157,1,3
C13158,4,4
C13159,3,1
C13160,3,1
C13161,2,4
C13162,4,4
C13163,2,4
C13164,3,1
C13165,3,3
C13166,1,3
C13167,3,1
C13168,3,1
C13169,1,3
C13170,4,4
C13171,1,3
C13172,1,3
C13173,3,1
C13174,2,4
C13175,3,1
C13176,3,1
C13178,4,4
C13179,1,3
C13180,3,4
C13181,3,4
C13182,3,4
C13183,4,2
C13184,1,3
C13185,1,3
C13186,1,3
C13187,3,1
C13188,3,4
C13189,1,3
C13190,4,3
C13191,2,4
C13192,1,3
C13193,1,3
C13194,3,1
C13195,4,2
C13196,1,3
C13197,1,3
C13198,2,4
C13199,1,3
C13200,3,1
C13201,2,4
C13202,2,4
C13203,1,3
C13204,1,3
C13205,1,3
C13206,4,4
C13207,3,1
C13208,1,3
C13209,3,1
C13210,1,3
C13211,4,2
C13212,2,4
C13213,4,2
C13214,2,4
C13215,1,3
C13216,2,4
C13217,1,3
C13218,4,4
C13219,1,3
C13220,2,4
C13221,3,1
C13222,2,4
C13223,3,1
C13224,2,4
C13225,1,3
C13226,3,1
C13227,2,4
C13228,2,4
C13229,2,3
C13230,4,2
C13231,1,3
C13232,3,4
C13233,2,4
C13234,2,1
C13235,2,4
C13236,4,4
C13237,3,4
C13238,3,1
C13239,2,4
C13240,4,1
C13241,4,2
C13242,1,3
C13243,1,3
C13244,3,4
C13245,1,3
C13246,4,2
C13247,4,2
C13248,4,2
C13249,2,3
C13250,4,2
C13251,3,1
C13252,3,1
C13253,3,3
C13254,3,1
C13255,1,3
C13257,3,4
C13258,1,3
C13259,3,1
C13260,3,1
C13261,2,4
C13262,4,2
C13263,2,4
C13264,3,1
C13265,1,3
C13266,3,1
C13267,2,4
C13268,3,4
C13269,1,3
C13270,3,1
C13271,4,2
C13272,4,2
C13273,3,1
C13275,1,3
C13276,1,3
C13277,4,2
C13278,3,1
C13279,3,1
C13280,2,4
C13282,3,1
C13283,1,3
C13284,2,4
C13285,1,3
C13286,3,1
C13287,3,4
C13288,4,2
C13289,2,4
C13290,1,3
C13291,1,3
C13292,3,4
C13293,4,4
C13294,3,1
C13295,1,1
C13296,4,2
C13297,1,3
C13298,2,4
C13299,3,1
C13300,1,3
C13301,3,1
C13302,3,1
C13303,1,3
C13304,3,1
C13305,1,3
C13306,3,1
C13307,3,1
C13308,3,1
C13309,3,1
C13310,3,1
C13312,1,3
C13313,1,3
C13314,1,3
C13315,1,3
C13316,3,1
C13317,3,4
C13318,4,4
C13319,1,3
C13320,3,1
C13321,4,4
C13322,4,4
C13323,3,1
C13324,2,1
C13325,2,4
C13326,1,3
C13327,2,4
C13328,4,4
C13329,3,1
C13330,3,1
C13331,3,1
C13332,4,4
C13333,3,4
C13334,4,4
C13335,4,4
C13336,1,3
C13337,1,1
C13338,3,4
C13339,1,3
C13340,4,4
C13341,3,4
C13342,1,3
C13343,2,4
C13344,3,1
C13345,4,2
C13346,1,3
C13347,1,3
C13348,3,4
C13349,2,4
C13350,2,4
C13351,1,1
C13352,2,4
C13353,1,3
C13354,4,4
C13355,1,3
C13356,1,3
C13357,2,4
C13358,1,3
C13359,1,3
C13360,3,1
C13361,4,2
C13362,1,1
C13363,4,2
C13364,4,2
C13365,1,3
C13366,3,1
C13367,1,3
C13368,1,3
C13369,4,2
C13370,2,4
C13371,1,3
C13372,2,4
C13373,3,1
C13374,1,3
C13375,3,4
C13376,4,2
C13377,1,3
C13378,2,4
C13379,3,1
C13380,2,4
C13381,4,2
C13382,4,2
C13383,3,1
C13384,3,1
C13385,1,3
C13386,4,2
C13387,3,1
C13388,3,3
C13389,3,1
C13390,3,1
C13391,3,1
C13392,1,3
C13393,3,4
C13394,1,1
C13395,2,4
C13396,1,3
C13397,3,1
C13398,2,4
C13399,3,1
C13400,3,4
C13401,1,3
C13402,1,3
C13403,2,4
C13404,2,4
C13405,3,1
C13406,2,4
C13407,2,4
C13408,4,2
C13409,2,4
C13410,2,4
C13411,4,1
C13412,3,4
C13413,1,3
C13414,4,2
C13416,1,3
C13417,3,4
C13418,3,1
C13419,4,2
C13420,4,4
C13421,3,1
C13422,4,4
C13423,3,1
C13424,3,1
C13425,2,4
C13426,1,3
C13427,2,4
C13428,3,1
C13429,3,1
C13430,4,2
C13431,4,2
C13432,3,1
C13433,3,4
C13434,1,1
C13435,1,3
C13436,1,3
C13437,3,4
C13439,1,3
C13440,3,1
C13441,3,1
C13442,1,3
C13443,4,2
C13444,4,2
C13445,3,1
C13446,4,2
C13447,1,3
C13448,4,4
C13449,2,4
C13450,1,4
C13451,3,1
C13452,4,2
C13453,3,4
C13454,4,4
C13455,1,1
C13456,1,3
C13457,1,3
C13458,2,4
C13459,3,1
C13460,1,3
C13461,3,1
C13462,1,3
C13463,3,1
C13464,2,4
C13465,4,4
C13466,2,4
C13467,2,4
C13468,3,1
C13469,1,3
C13470,2,4
C13471,3,1
C13472,3,1
C13473,2,4
C13474,2,4
C13475,4,2
C13476,3,1
C13478,3,1
C13479,4,2
C13480,3,1
C13481,2,4
C13482,1,1
C13483,1,3
C13484,4,4
C13485,4,2
C13486,3,1
C13487,1,3
C13488,4,4
C13489,4,4
C13490,1,3
C13491,2,4
C13492,3,1
C13493,4,4
C13494,1,3
C13495,4,2
C13496,2,4
C13497,1,3
C13498,3,1
C13499,2,4
C13500,2,4
C13501,4,2
C13502,3,1
C13503,3,1
C13504,2,4
C13505,4,4
C13506,1,3
C13507,2,4
C13508,4,4
C13509,1,3
C13510,1,3
C13511,1,3
C13512,3,1
C13513,1,3
C13514,4,4
C13515,3,1
C13516,2,4
C13517,1,3
C13518,2,4
C13519,1,3
C13520,4,2
C13521,3,1
C13522,2,4
C13523,3,1
C13524,4,2
C13525,2,4
C13526,2,4
C13527,3,1
C13528,3,1
C13529,3,1
C13530,2,4
C13531,4,4
C13532,4,4
C13533,2,4
C13534,2,4
C13535,2,4
C13536,2,4
C13537,1,3
C13538,4,4
C13539,4,4
C13540,4,4
C13541,3,1
C13542,1,3
C13543,4,2
C13544,2,4
C13545,1,3
C13546,2,4
C13547,1,3
C13548,4,4
C13549,4,2
C13550,3,1
C13551,4,4
C13552,3,1
C13553,2,4
C13554,1,1
C13555,1,3
C13556,2,4
C13557,4,2
C13558,1,3
C13559,2,4
C13560,2,4
C13561,3,4
C13562,2,4
C13563,2,1
C13564,4,4
C13565,3,1
C13566,3,1
C13567,1,3
C13568,3,4
C13569,3,1
C13570,3,1
C13571,3,1
C13572,4,2
C13573,4,2
C13574,1,1
C13575,3,1
C13576,4,2
C13577,3,1
C13578,1,3
C13579,3,1
C13580,1,3
C13581,1,3
C13582,4,4
C13583,3,1
C13584,3,1
C13585,2,4
C13586,2,4
C13587,1,3
C13588,4,2
C13589,4,4
C13591,2,4
C13592,1,3
C13593,4,2
C13594,1,3
C13596,1,3
C13597,4,4
C13598,1,3
C13599,1,1
C13600,1,3
C13601,1,3
C13602,4,2
C13603,3,1
C13604,4,4
C13605,2,4
C13606,1,3
C13607,3,1
C13608,2,4
C13610,4,2
C13611,2,4
C13612,4,4
C13613,4,2
C13614,1,3
C13615,3,1
C13616,1,3
C13617,1,3
C13618,2,4
C13619,1,3
C13620,4,2
C13621,4,4
C13622,4,2
C13623,3,1
C13624,3,4
C13625,2,4
C13626,2,4
C13627,4,2
C13628,1,3
C13629,1,3
C13630,4,2
C13631,4,4
C13632,1,3
C13633,1,3
C13634,3,1
C13635,1,1
C13636,4,3
C13637,4,2
C13638,2,4
C13639,1,3
C13640,2,4
C13641,3,1
C13642,3,4
C13643,2,4
C13644,4,2
C13645,1,3
C13646,3,3
C13647,1,3
C13648,1,1
C13649,3,1
C13650,2,4
C13651,3,1
C13652,1,3
C13653,4,2
C13654,2,4
C13655,1,3
C13656,1,3
C13657,3,4
C13658,1,1
C13659,3,1
C13660,1,3
C13661,2,4
C13662,1,3
C13663,3,1
C13664,3,1
C13665,1,3
C13666,3,1
C13668,1,3
C13669,2,4
C13670,4,2
C13671,1,3
C13672,1,3
C13673,1,3
C13674,3,1
C13675,1,3
C13676,1,3
C13677,4,2
C13678,2,1
C13679,4,4
C13680,3,1
C13681,3,1
C13682,4,4
C13683,4,4
C13684,3,1
C13685,4,2
C13686,2,4
C13687,3,1
C13688,2,4
C13689,1,1
C13690,2,4
C13691,3,1
C13692,1,3
C13693,1,3
C13694,1,3
C13695,3,3
C13696,2,4
C13697,3,1
C13698,4,4
C13699,3,3
C13701,1,3
C13702,3,4
C13703,4,4
C13704,3,1
C13705,3,4
C13706,1,3
C13707,3,1
C13708,3,1
C13709,4,2
C13710,2,4
C13711,4,2
C13712,1,3
C13713,2,4
C13714,3,1
C13715,2,4
C13717,1,3
C13718,3,1
C13719,3,1
C13720,3,1
C13721,3,1
C13722,3,1
C13723,2,4
C13724,3,1
C13725,1,3
C13726,1,3
C13727,1,3
C13728,3,4
C13729,3,4
C13730,2,4
C13731,3,1
C13732,1,3
C13733,2,4
C13734,4,2
C13735,2,4
C13736,4,2
C13737,1,3
C13738,3,1
C13739,2,4
C13740,4,4
C13741,4,2
C13742,3,1
C13743,3,1
C13744,1,3
C13745,3,1
C13746,4,2
C13747,1,3
C13748,1,3
C13749,2,4
C13750,1,1
C13751,1,3
C13752,1,3
C13753,4,4
C13754,3,1
C13755,4,2
C13756,1,3
C13757,3,1
C13758,3,1
C13759,1,3
C13760,3,1
C13761,3,4
C13762,4,4
C13763,2,4
C13764,4,4
C13765,3,1
C13767,4,4
C13768,1,3
C13769,3,4
C13770,1,3
C13771,3,1
C13772,1,3
C13773,4,2
C13774,2,4
C13775,4,2
C13776,1,1
C13777,2,4
C13778,2,4
C13779,3,1
C13780,4,2
C13781,1,3
C13782,3,1
C13783,1,3
C13784,4,2
C13785,1,1
C13786,4,4
C13787,1,3
C13788,3,1
C13789,3,1
C13790,3,1
C13791,4,4
C13792,4,4
C13793,4,4
C13794,2,4
C13795,4,2
C13796,4,2
C13797,2,4
C13798,3,4
C13799,4,2
C13800,1,3
C13801,2,4
C13802,4,2
C13803,3,1
C13804,1,1
C13805,3,1
C13806,4,2
C13807,3,1
C13809,3,1
C13810,4,4
C13811,3,1
C13812,4,2
C13813,4,2
C13814,1,3
C13815,2,1
C13816,4,4
C13817,1,3
C13819,2,4
C13820,2,4
C13821,3,1
C13822,1,3
C13823,2,4
C13824,4,2
C13825,4,2
C13826,1,3
C13827,1,3
C13828,1,3
C13829,3,1
C13830,3,1
C13831,2,2
C13832,2,4
C13833,3,1
C13834,3,1
C13835,4,2
C13836,2,4
C13837,3,1
C13838,3,1
C13839,4,2
C13840,4,2
C13841,1,3
C13842,1,3
C13843,1,3
C13844,2,4
C13845,3,1
C13846,2,4
C13847,1,3
C13848,4,4
C13849,2,4
C13850,4,2
C13851,2,4
C13852,3,1
C13853,3,1
C13855,2,4
C13856,1,3
C13857,2,4
C13858,1,3
C13859,1,1
C13860,1,3
C13861,2,4
C13862,2,4
C13863,3,4
C13864,4,4
C13865,1,3
C13866,3,1
C13867,1,1
C13868,2,4
C13869,1,3
C13870,2,4
C13871,2,4
C13872,3,4
C13873,1,3
C13874,1,1
C13875,4,2
C13876,3,1
C13877,4,2
C13878,1,3
C13879,3,3
C13881,3,1
C13882,4,4
C13883,1,3
C13884,1,3
C13885,2,4
C13886,4,2
C13887,3,4
C13888,1,1
C13889,1,3
C13890,4,4
C13891,4,2
C13892,3,1
C13893,4,2
C13894,2,4
C13895,3,1
C13896,4,2
C13897,3,1
C13898,1,3
C13899,4,2
C13900,3,1
C13901,3,1
C13902,4,2
C13903,4,4
C13904,4,2
C13905,3,1
C13906,2,4
C13907,3,1
C13908,4,2
C13909,2,4
C13910,1,1
C13911,4,2
C13912,1,3
C13913,3,1
C13914,4,2
C13915,4,2
C13916,2,4
C13917,3,4
C13918,3,1
C13919,1,3
C13920,3,1
C13921,4,3
C13922,1,1
C13923,2,4
C13924,2,4
C13925,1,3
C13926,1,3
C13927,3,4
C13928,3,1
C13929,1,3
C13930,1,3
C13931,4,2
C13932,3,4
C13933,1,3
C13934,1,3
C13935,3,4
C13936,2,4
C13937,3,1
C13938,4,4
C13939,3,1
C13940,2,4
C13941,2,4
C13942,1,3
C13943,2,4
C13944,4,2
C13945,1,3
C13946,2,4
C13947,3,1
C13948,1,3
C13949,3,1
C13950,3,4
C13951,2,4
C13952,3,1
C13953,3,3
C13954,4,4
C13955,2,4
C13956,1,3
C13957,2,4
C13958,3,1
C13959,4,4
C13960,3,1
C13961,2,4
C13962,2,4
C13964,4,4
C13965,2,4
C13966,4,2
C13967,1,3
C13968,4,4
C13969,1,3
C13970,3,1
C13971,4,2
C13972,3,1
C13973,2,4
C13974,3,1
C13975,2,4
C13977,1,3
C13978,4,2
C13979,3,1
C13980,2,4
C13981,1,3
C13982,3,4
C13983,3,1
C13984,1,3
C13985,4,2
C13986,1,1
C13987,3,1
C13988,4,2
C13989,3,1
C13990,3,1
C13991,2,4
C13992,1,1
C13993,4,4
C13994,2,1
C13995,4,2
C13996,4,2
C13997,4,2
C13998,2,2
C13999,1,3
C14000,2,3
C14001,1,3
C14002,4,4
C14003,2,4
C14004,3,1
C14005,1,1
C14006,3,1
C14007,2,4
C14008,3,1
C14009,2,4
C14010,3,1
C14011,2,4
C14012,3,1
C14013,1,3
C14014,1,3
C14015,4,2
C14016,1,3
C14017,3,1
C14018,1,3
C14019,1,1
C14020,4,2
C14021,1,3
C14022,3,1
C14023,3,1
C14024,2,4
C14026,2,4
C14027,2,4
C14028,2,4
C14029,3,1
C14030,2,4
C14031,3,1
C14032,1,1
C14033,1,3
C14034,3,1
C14035,2,4
C14036,1,3
C14037,4,4
C14038,2,4
C14039,3,1
C14040,4,4
C14041,1,3
C14042,3,1
C14043,4,2
C14044,3,4
C14045,1,3
C14046,4,4
C14047,3,3
C14048,4,2
C14049,2,4
C14050,4,2
C14051,3,1
C14052,3,1
C14053,3,1
C14054,2,4
C14055,4,2
C14056,1,1
C14057,2,4
C14058,2,4
C14059,4,2
C14060,3,1
C14061,3,4
C14062,3,4
C14063,3,1
C14064,3,4
C14065,4,2
C14066,4,2
C14067,4,2
C14068,2,4
C14069,3,4
C14070,3,1
C14071,2,4
C14072,1,1
C14073,3,1
C14074,3,1
C14075,3,1
C14076,2,4
C14077,1,3
C14078,3,1
C14079,3,1
C14080,4,4
C14081,3,1
C14082,4,2
C14083,3,4
C14084,1,3
C14085,3,1
C14086,1,1
C14087,2,4
C14088,2,4
C14089,3,1
C14090,1,3
C14091,2,2
C14092,2,4
C14094,3,1
C14095,3,1
C14096,1,3
C14097,3,1
C14098,3,3
C14099,2,4
C14100,4,2
C14101,1,3
C14102,3,1
C14103,4,4
C14104,3,1
C14105,3,1
C14106,3,1
C14107,3,1
C14108,1,3
C14109,4,2
C14111,2,4
C14112,1,3
C14113,3,3
C14114,3,1
C14115,4,4
C14116,3,1
C14117,2,4
C14119,1,1
C14120,4,2
C14121,4,4
C14122,1,3
C14123,3,1
C14124,4,2
C14125,2,4
C14126,4,2
C14127,4,4
C14128,2,2
C14129,3,4
C14130,1,3
C14131,1,3
C14132,1,3
C14133,4,2
C14134,1,3
C14135,3,1
C14136,1,3
C14137,2,4
C14138,3,1
C14139,4,2
C14140,3,1
C14141,3,4
C14142,1,3
C14143,3,4
C14144,4,2
C14145,2,4
C14146,2,4
C14147,4,2
C14148,3,1
C14149,2,4
C14150,4,4
C14151,2,2
C14152,1,3
C14153,2,4
C14154,1,3
C14155,1,3
C14156,3,1
C14157,1,3
C14158,3,4
C14159,3,1
C14161,1,1
C14162,3,1
C14163,3,4
C14164,3,4
C14165,2,4
C14166,2,4
C14167,3,1
C14168,4,4
C14169,3,1
C14170,3,1
C14171,1,4
C14172,3,1
C14173,3,1
C14174,3,4
C14175,3,1
C14177,1,1
C14178,1,3
C14179,3,1
C14180,3,1
C14181,1,3
C14182,3,1
C14183,3,4
C14184,3,4
C14185,1,3
C14186,3,1
C14187,3,1
C14188,4,4
C14189,2,4
C14190,1,3
C14191,2,4
C14192,4,4
C14193,3,1
C14194,3,1
C14195,1,3
C14196,3,1
C14197,4,2
C14198,3,1
C14199,3,1
C14200,1,3
C14201,4,2
C14202,4,2
C14203,2,4
C14204,4,4
C14205,1,3
C14206,3,1
C14207,1,3
C14208,4,4
C14209,1,3
C14210,3,1
C14211,1,1
C14212,4,4
C14213,1,3
C14214,1,3
C14215,2,4
C14216,1,3
C14217,3,1
C14218,4,2
C14219,1,3
C14220,3,1
C14221,4,4
C14222,3,1
C14223,2,4
C14224,3,1
C14225,4,2
C14226,4,4
C14227,3,4
C14228,4,2
C14229,1,3
C14230,3,1
C14231,3,1
C14232,3,1
C14233,3,1
C14234,3,1
C14235,4,2
C14236,4,4
C14237,3,1
C14238,4,2
C14239,1,3
C14240,4,4
C14241,1,3
C14242,4,2
C14243,2,4
C14244,3,1
C14245,1,3
C14246,3,1
C14247,1,3
C14248,1,3
C14249,4,2
C14250,3,1
C14251,4,2
C14252,2,4
C14253,1,3
C14254,4,2
C14255,1,3
C14256,4,2
C14257,2,4
C14258,4,4
C14259,1,1
C14260,1,3
C14261,3,1
C14262,4,2
C14263,2,4
C14264,1,3
C14265,3,1
C14266,4,3
C14267,3,4
C14268,2,4
C14269,2,4
C14270,3,1
C14271,4,2
C14272,2,4
C14273,3,4
C14274,1,3
C14275,3,1
C14276,2,4
C14277,2,4
C14278,1,3
C14279,1,1
C14280,2,4
C14281,1,3
C14282,1,3
C14283,4,2
C14284,1,3
C14285,3,4
C14286,3,1
C14287,3,1
C14288,3,1
C14289,3,1
C14290,3,1
C14291,1,3
C14292,2,4
C14293,3,1
C14294,1,3
C14295,4,4
C14297,3,1
C14298,4,4
C14299,2,4
C14300,4,4
C14301,4,4
C14302,2,4
C14303,2,4
C14304,1,1
C14305,2,4
C14306,3,1
C14307,2,4
C14308,3,1
C14309,3,1
C14310,3,1
C14311,1,3
C14312,1,3
C14313,4,2
C14314,3,1
C14315,3,1
C14316,3,1
C14317,2,4
C14318,3,1
C14319,2,4
C14320,1,1
C14322,4,2
C14323,3,1
C14324,4,2
C14325,2,4
C14326,2,4
C14327,3,1
C14328,1,3
C14329,2,4
C14330,4,4
C14331,4,2
C14332,1,3
C14333,1,3
C14334,4,2
C14335,3,1
C14336,3,1
C14337,1,3
C14338,4,4
C14339,4,3
C14340,3,4
C14341,1,3
C14342,2,4
C14343,3,1
C14344,3,1
C14345,3,1
C14346,1,3
C14347,2,4
C14348,1,3
C14349,3,4
C14350,4,2
C14351,3,1
C14352,3,1
C14353,4,2
C14354,1,1
C14355,3,1
C14356,3,1
C14357,1,3
C14358,4,2
C14359,1,3
C14360,3,1
C14361,3,1
C14362,2,4
C14363,4,4
C14364,3,4
C14365,2,4
C14366,2,4
C14367,1,3
C14368,2,4
C14369,3,1
C14370,1,3
C14371,3,1
C14372,3,4
C14373,3,1
C14374,1,3
C14375,4,4
C14376,2,4
C14377,2,4
C14378,4,2
C14379,3,1
C14380,3,1
C14381,1,3
C14382,4,2
C14383,3,1
C14384,4,2
C14385,2,4
C14386,3,1
C14387,4,4
C14388,3,1
C14389,2,4
C14390,4,4
C14391,1,3
C14392,1,3
C14393,3,3
C14394,4,4
C14395,2,4
C14396,3,1
C14397,1,3
C14398,2,4
C14399,3,1
C14400,4,2
C14401,2,4
C14402,4,2
C14403,4,2
C14404,3,1
C14405,4,4
C14406,2,4
C14407,2,4
C14408,3,4
C14409,4,4
C14410,3,1
C14411,3,1
C14412,3,1
C14413,1,3
C14414,4,4
C14415,4,2
C14416,3,1
C14417,4,2
C14418,2,4
C14419,1,3
C14421,3,1
C14422,3,1
C14423,2,1
C14424,1,3
C14425,3,1
C14426,3,1
C14427,3,1
C14428,3,1
C14429,3,4
C14430,3,1
C14431,1,3
C14432,4,2
C14433,1,3
C14434,3,4
C14435,1,3
C14436,1,3
C14437,1,3
C14439,3,1
C14440,3,3
C14441,3,1
C14442,1,3
C14443,3,4
C14444,2,4
C14445,3,1
C14447,4,2
C14448,3,1
C14449,3,1
C14450,2,4
C14451,1,3
C14452,1,3
C14453,3,1
C14455,4,2
C14456,2,4
C14457,3,4
C14458,3,4
C14459,3,1
C14460,3,1
C14461,4,2
C14462,1,3
C14463,2,4
C14464,3,4
C14465,2,4
C14466,2,4
C14467,3,1
C14468,3,1
C14469,3,1
C14470,4,2
C14471,4,3
C14472,1,3
C14473,1,3
C14474,3,1
C14475,2,4
C14476,2,4
C14477,3,4
C14478,4,2
C14479,1,1
C14480,2,4
C14481,1,3
C14482,4,2
C14483,3,3
C14484,3,1
C14485,1,3
C14486,4,2
C14487,3,1
C14488,2,4
C14489,2,4
C14490,1,3
C14492,2,4
C14493,2,4
C14494,4,2
C14495,3,1
C14496,2,4
C14497,4,4
C14498,4,4
C14499,4,2
C14500,1,3
C14501,4,2
C14502,2,4
C14503,1,3
C14504,2,4
C14505,4,2
C14506,2,4
C14507,3,1
C14508,1,3
C14509,2,4
C14510,4,2
C14511,3,1
C14512,4,2
C14513,3,1
C14514,3,1
C14515,4,4
C14516,4,4
C14517,1,3
C14518,2,4
C14519,1,3
C14520,4,4
C14521,3,1
C14522,3,1
C14523,3,1
C14524,3,1
C14525,3,1
C14526,4,2
C14527,3,1
C14528,3,1
C14529,3,1
C14530,2,4
C14531,3,1
C14532,4,2
C14533,3,1
C14534,1,3
C14535,3,1
C14536,1,3
C14537,3,1
C14538,4,4
C14539,3,4
C14540,3,1
C14541,3,1
C14542,1,3
C14543,3,1
C14544,3,1
C14545,4,4
C14546,3,1
C14547,2,4
C14548,1,1
C14549,1,3
C14550,2,4
C14551,4,2
C14553,3,1
C14554,2,4
C14555,3,1
C14556,2,4
C14557,3,3
C14558,2,4
C14559,3,1
C14560,4,4
C14561,1,3
C14562,1,3
C14563,3,1
C14564,4,2
C14565,2,4
C14566,1,3
C14567,3,1
C14568,1,3
C14569,3,1
C14570,4,2
C14571,3,1
C14572,2,4
C14573,3,1
C14574,3,1
C14575,2,4
C14576,3,1
C14577,3,1
C14578,1,3
C14579,1,3
C14580,4,2
C14581,4,2
C14582,3,4
C14583,1,3
C14584,3,4
C14585,1,3
C14586,2,2
C14587,2,4
C14588,4,2
C14589,4,4
C14590,4,4
C14591,2,4
C14592,3,1
C14593,2,4
C14594,2,4
C14595,2,4
C14596,2,4
C14597,2,4
C14598,1,3
C14599,2,4
C14600,4,2
C14601,1,3
C14602,3,4
C14603,1,1
C14604,4,2
C14606,1,3
C14607,2,4
C14608,3,4
C14609,3,1
C14610,1,1
C14611,2,4
C14612,2,3
C14613,4,4
C14614,1,3
C14615,1,3
C14616,3,1
C14617,3,1
C14618,1,1
C14619,3,1
C14620,2,4
C14621,3,1
C14622,2,4
C14623,1,3
C14624,3,1
C14625,3,1
C14626,4,2
C14627,3,1
C14628,2,4
C14629,3,1
C14630,4,2
C14631,1,3
C14632,4,1
C14633,4,2
C14634,1,3
C14635,2,4
C14636,3,1
C14637,2,4
C14638,3,1
C14639,1,3
C14640,4,2
C14641,2,4
C14642,4,2
C14643,4,2
C14644,4,4
C14645,1,3
C14646,3,1
C14647,2,4
C14648,3,1
C14649,1,3
C14650,3,4
C14651,3,1
C14652,3,1
C14653,3,1
C14654,3,1
C14655,3,4
C14656,4,2
C14657,4,4
C14658,3,1
C14659,3,4
C14660,4,4
C14661,2,4
C14662,2,4
C14663,3,4
C14664,3,1
C14665,4,2
C14666,3,4
C14667,4,2
C14668,3,1
C14669,3,4
C14670,3,1
C14672,2,4
C14673,2,4
C14674,3,1
C14675,3,1
C14676,4,3
C14677,2,4
C14678,4,4
C14679,4,2
C14680,3,4
C14681,2,4
C14682,1,3
C14683,2,2
C14684,1,3
C14685,1,3
C14686,3,1
C14687,2,4
C14688,1,3
C14689,3,1
C14690,1,3
C14691,1,3
C14692,1,3
C14693,3,4
C14694,1,1
C14695,1,3
C14696,1,3
C14697,1,1
C14698,2,4
C14699,4,4
C14700,3,1
C14701,4,2
C14702,4,4
C14703,4,4
C14704,3,4
C14705,1,3
C14706,3,1
C14707,1,3
C14708,1,3
C14709,3,1
C14710,4,2
C14711,1,3
C14712,4,2
C14713,3,1
C14714,2,4
C14715,3,1
C14716,3,4
C14717,3,1
C14718,3,1
C14719,2,4
C14720,3,1
C14721,1,3
C14722,2,4
C14723,1,3
C14724,4,2
C14725,3,1
C14726,3,1
C14727,2,4
C14728,1,3
C14729,3,1
C14730,1,3
C14731,3,3
C14732,2,4
C14733,3,1
C14734,3,4
C14735,1,3
C14736,4,2
C14737,3,1
C14738,3,1
C14739,2,4
C14740,4,4
C14741,3,4
C14742,2,4
C14743,1,3
C14744,4,2
C14745,1,3
C14746,3,4
C14747,2,4
C14748,1,1
C14749,3,1
C14750,1,3
C14751,2,4
C14752,1,3
C14753,3,1
C14754,3,4
C14755,3,1
C14756,4,2
C14757,2,4
C14758,1,3
C14759,2,4
C14760,3,1
C14761,3,1
C14762,4,4
C14763,3,3
C14764,4,2
C14765,4,2
C14766,1,3
C14767,2,4
C14768,1,3
C14769,4,4
C14770,3,1
C14771,4,2
C14772,1,3
C14773,3,1
C14774,2,4
C14775,3,1
C14776,1,3
C14777,2,2
C14778,2,4
C14779,1,3
C14780,1,1
C14781,2,4
C14783,1,3
C14784,4,4
C14785,1,3
C14786,2,4
C14787,1,3
C14788,4,2
C14789,2,4
C14790,1,3
C14791,3,1
C14792,3,1
C14793,4,4
C14794,2,4
C14795,4,2
C14796,3,1
C14797,2,4
C14798,3,1
C14799,4,4
C14800,2,4
C14802,2,4
C14803,1,1
C14804,1,3
C14805,4,2
C14806,3,1
C14807,3,4
C14808,2,4
C14809,3,1
C14810,3,1
C14811,2,4
C14812,1,3
C14813,3,1
C14814,1,1
C14815,4,4
C14816,1,1
C14817,3,1
C14818,3,1
C14819,3,3
C14820,4,4
C14821,3,4
C14822,3,1
C14823,3,1
C14824,4,4
C14825,3,1
C14826,3,1
C14827,2,4
C14828,1,3
C14829,3,1
C14830,1,3
C14831,2,4
C14832,1,3
C14833,3,4
C14834,4,3
C14835,4,2
C14836,1,3
C14837,4,2
C14838,1,3
C14839,2,4
C14841,4,2
C14842,3,1
C14843,1,3
C14844,1,3
C14845,3,4
C14846,1,3
C14847,2,4
C14848,3,1
C14849,1,3
C14850,3,3
C14851,1,3
C14852,3,1
C14853,1,3
C14854,2,3
C14855,2,4
C14856,2,4
C14857,3,1
C14858,4,4
C14859,1,3
C14860,3,4
C14861,2,4
C14862,3,4
C14863,3,4
C14864,3,1
C14865,2,4
C14866,1,1
C14867,3,1
C14868,1,3
C14870,1,3
C14871,2,4
C14872,3,1
C14873,1,1
C14874,4,2
C14876,1,3
C14877,3,1
C14878,1,3
C14879,3,1
C14880,4,2
C14881,3,1
C14882,2,4
C14884,1,1
C14885,1,3
C14886,1,3
C14887,3,1
C14888,4,2
C14889,3,1
C14890,4,2
C14892,4,2
C14894,4,2
C14895,3,1
C14896,2,4
C14897,4,4
C14898,3,4
C14899,3,1
C14900,3,4
C14901,3,1
C14902,4,4
C14903,3,1
C14904,3,4
C14905,3,1
C14906,3,1
C14907,4,2
C14908,2,4
C14909,3,1
C14910,3,1
C14911,3,1
C14912,3,1
C14913,3,4
C14914,3,1
C14915,2,4
C14916,3,1
C14917,3,1
C14918,4,2
C14919,3,1
C14920,3,1
C14921,2,4
C14922,3,1
C14923,3,1
C14924,4,2
C14925,3,1
C14926,4,4
C14927,1,3
C14928,3,1
C14929,2,4
C14930,1,3
C14931,4,2
C14932,3,3
C14933,3,4
C14934,1,3
C14935,3,1
C14936,2,4
C14937,1,1
C14938,3,4
C14939,3,1
C14940,3,1
C14941,1,1
C14942,2,4
C14943,3,1
C14944,3,1
C14945,3,1
C14946,1,3
C14947,2,4
C14948,1,1
C14949,2,4
C14950,3,1
C14951,2,4
C14952,3,1
C14953,3,1
C14954,4,4
C14955,3,1
C14956,2,4
C14957,4,4
C14958,2,4
C14959,3,1
C14960,4,2
C14961,1,3
C14962,4,2
C14963,2,4
C14964,4,2
C14965,3,1
C14966,2,4
C14967,1,3
C14968,2,4
C14969,1,1
C14970,1,3
C14971,3,1
C14972,3,3
C14973,3,4
C14974,3,1
C14975,4,4
C14976,2,4
C14977,3,4
C14978,2,4
C14979,4,2
C14980,1,3
C14981,3,1
C14982,2,4
C14983,4,4
C14984,3,1
C14985,1,3
C14986,1,3
C14987,2,4
C14988,3,1
C14989,3,4
C14990,4,3
C14991,2,4
C14992,3,4
C14993,2,4
C14994,4,4
C14995,2,4
C14996,4,2
C14997,3,1
C14998,3,1
C15000,4,4
C15001,3,1
C15002,4,4
C15003,2,2
C15004,2,4
C15005,1,3
C15006,2,4
C15007,3,1
C15008,3,1
C15009,3,1
C15010,3,1
C15011,4,4
C15012,1,3
C15013,3,1
C15014,4,2
C15015,1,1
C15016,4,4
C15017,3,4
C15018,3,4
C15019,3,4
C15020,2,4
C15021,3,1
C15022,2,4
C15023,2,4
C15025,2,4
C15026,3,1
C15027,4,4
C15028,3,4
C15029,2,4
C15030,3,4
C15031,1,3
C15032,2,4
C15033,2,4
C15034,1,3
C15035,3,1
C15036,4,2
C15037,4,4
C15038,1,3
C15039,2,4
C15040,4,2
C15041,4,2
C15042,4,2
C15043,1,3
C15044,3,1
C15045,3,1
C15046,1,3
C15047,4,2
C15048,3,1
C15049,2,4
C15050,3,1
C15051,3,1
C15052,1,3
C15054,2,4
C15055,3,1
C15056,4,2
C15057,4,4
C15058,4,2
C15059,3,1
C15060,3,1
C15061,2,4
C15062,2,2
C15063,3,1
C15064,4,1
C15065,3,1
C15067,3,4
C15068,3,1
C15069,3,1
C15070,3,1
C15071,3,1
C15073,1,3
C15074,3,1
C15075,1,3
C15076,2,4
C15077,3,1
C15078,2,4
C15079,2,4
C15080,3,1
C15081,1,3
C15082,1,3
C15083,3,1
C15084,1,3
C15085,3,4
C15086,3,1
C15087,1,3
C15088,3,1
C15089,4,2
C15090,2,4
C15091,1,3
C15092,1,3
C15093,3,1
C15094,3,1
C15095,3,1
C15096,3,3
C15097,2,4
C15098,4,2
C15099,4,3
C15100,3,1
C15101,1,3
C15102,3,1
C15103,2,4
C15104,4,2
C15105,1,3
C15106,2,4
C15107,3,1
C15108,3,4
C15109,2,4
C15110,3,1
C15111,1,3
C15112,3,1
C15113,3,1
C15114,2,3
C15115,3,1
C15116,1,3
C15117,3,1
C15118,4,2
C15121,2,4
C15122,4,2
C15123,1,3
C15124,2,4
C15125,4,2
C15126,3,1
C15127,3,1
C15128,3,1
C15129,3,1
C15130,1,3
C15131,2,4
C15132,1,3
C15133,4,3
C15134,2,4
C15135,3,1
C15136,1,3
C15137,4,4
C15138,2,4
C15139,4,2
C15140,4,4
C15141,2,4
C15142,4,2
C15143,3,1
C15144,3,1
C15145,1,3
C15146,4,4
C15147,3,4
C15148,3,1
C15149,2,4
C15150,2,4
C15151,4,2
C15152,1,3
C15153,3,1
C15154,4,4
C15155,2,2
C15156,3,1
C15157,4,4
C15158,3,1
C15159,4,2
C15160,3,1
C15161,2,4
C15162,2,4
C15163,4,2
C15164,4,2
C15165,3,1
C15166,1,3
C15167,3,1
C15168,4,2
C15169,4,4
C15170,3,1
C15171,3,1
C15172,1,3
C15173,1,3
C15174,1,3
C15175,2,4
C15177,1,3
C15178,3,1
C15179,2,4
C15180,1,3
C15181,4,2
C15182,3,3
C15183,3,1
C15184,1,3
C15185,4,4
C15186,4,2
C15187,1,3
C15188,4,2
C15189,3,1
C15190,4,2
C15191,2,4
C15192,3,4
C15193,4,2
C15194,1,1
C15195,1,3
C15196,4,2
C15197,2,4
C15198,2,4
C15199,3,1
C15200,2,4
C15201,1,3
C15202,2,4
C15203,1,3
C15204,3,1
C15206,2,4
C15207,2,4
C15208,4,4
C15209,1,3
C15210,3,4
C15211,1,3
C15212,1,3
C15213,2,4
C15214,3,4
C15215,2,4
C15216,3,1
C15217,2,4
C15218,2,4
C15219,2,4
C15220,1,3
C15221,4,2
C15222,1,3
C15223,2,4
C15224,2,4
C15225,3,1
C15226,1,3
C15227,3,4
C15228,3,1
C15229,4,2
C15230,4,4
C15232,4,2
C15233,4,2
C15234,2,4
C15235,4,2
C15236,3,1
C15237,2,4
C15239,4,2
C15240,2,4
C15241,3,1
C15242,3,1
C15243,2,4
C15244,3,1
C15245,3,1
C15246,1,3
C15247,3,1
C15248,3,1
C15249,3,1
C15250,4,4
C15251,1,3
C15252,3,1
C15253,3,4
C15254,3,1
C15255,2,4
C15256,4,2
C15257,3,1
C15258,3,1
C15259,3,1
C15260,3,1
C15261,1,3
C15262,3,1
C15263,1,3
C15264,3,1
C15265,4,4
C15266,1,3
C15267,3,1
C15268,1,1
C15269,3,1
C15270,3,1
C15271,3,1
C15272,2,4
C15273,4,2
C15274,4,2
C15275,3,4
C15276,3,4
C15277,1,3
C15278,2,4
C15279,1,3
C15280,4,4
C15281,4,2
C15282,4,2
C15283,3,1
C15284,1,3
C15285,1,3
C15286,1,3
C15287,2,4
C15288,2,4
C15289,1,3
C15290,3,1
C15291,1,3
C15292,3,1
C15293,2,4
C15294,2,2
C15295,3,1
C15296,3,1
C15297,3,1
C15298,4,2
C15299,1,3
C15300,3,1
C15301,4,2
C15302,2,4
C15303,1,3
C15304,2,4
C15305,2,4
C15306,3,1
C15307,3,3
C15308,1,3
C15309,2,4
C15310,2,4
C15311,1,3
C15312,2,4
C15313,4,2
C15314,3,1
C15315,3,1
C15316,1,3
C15317,3,1
C15318,3,4
C15319,2,4
C15320,4,2
C15321,4,3
C15322,1,3
C15323,1,3
C15324,2,4
C15325,3,1
C15326,1,3
C15327,1,1
C15328,3,4
C15329,1,3
C15330,3,4
C15331,4,4
C15332,2,4
C15333,3,1
C15334,4,2
C15335,2,4
C15336,1,3
C15337,3,1
C15338,1,3
C15339,4,2
C15341,3,1
C15342,2,4
C15343,4,2
C15344,1,3
C15345,2,4
C15346,2,4
C15347,1,1
C15348,2,2
C15349,3,1
C15350,1,1
C15351,3,4
C15352,2,4
C15353,2,4
C15354,4,2
C15355,3,1
C15356,3,1
C15357,1,3
C15358,4,2
C15359,3,4
C15360,1,3
C15361,3,1
C15362,3,1
C15364,4,2
C15365,4,2
C15366,3,1
C15367,1,3
C15368,4,2
C15369,2,4
C15370,3,1
C15371,3,1
C15372,1,3
C15373,4,4
C15374,3,1
C15375,3,1
C15376,4,2
C15377,3,4
C15378,2,4
C15379,1,3
C15380,4,4
C15381,3,1
C15382,3,1
C15383,2,4
C15384,3,1
C15385,4,3
C15386,2,4
C15387,4,2
C15388,3,1
C15389,2,1
C15390,1,3
C15391,2,4
C15392,3,1
C15393,2,4
C15394,3,1
C15395,3,1
C15396,2,4
C15397,2,4
C15398,2,4
C15399,3,1
C15400,3,1
C15401,3,1
C15402,1,3
C15403,2,4
C15404,3,3
C15405,2,4
C15406,3,1
C15407,4,2
C15408,1,3
C15409,2,4
C15410,2,4
C15411,4,2
C15412,3,1
C15413,1,3
C15414,4,2
C15415,4,2
C15417,1,3
C15418,1,1
C15419,1,3
C15420,2,4
C15421,4,4
C15422,1,3
C15423,2,4
C15424,4,2
C15425,3,4
C15426,2,4
C15427,3,4
C15428,4,2
C15429,1,3
C15430,1,3
C15431,3,4
C15432,3,1
C15433,3,1
C15435,2,4
C15436,1,3
C15437,2,4
C15438,1,3
C15439,2,4
C15440,2,4
C15441,3,1
C15442,3,1
C15443,2,4
C15444,1,3
C15445,1,3
C15446,1,3
C15448,4,2
C15449,2,4
C15450,1,3
C15451,3,1
C15452,2,4
C15453,2,4
C15454,2,4
C15455,3,4
C15456,2,4
C15457,3,1
C15459,2,4
C15460,2,4
C15461,4,2
C15462,1,3
C15463,1,3
C15464,3,1
C15465,3,1
C15466,3,4
C15467,3,1
C15469,3,1
C15470,2,1
C15471,1,3
C15472,3,1
C15473,3,1
C15474,2,4
C15475,1,3
C15476,3,1
C15477,2,4
C15478,3,1
C15479,2,4
C15480,1,3
C15481,2,4
C15482,1,1
C15483,4,4
C15484,3,1
C15485,3,1
C15486,4,4
C15487,3,1
C15488,4,4
C15489,2,4
C15490,4,2
C15491,3,1
C15492,4,2
C15493,1,3
C15494,3,4
C15495,2,4
C15496,4,4
C15497,1,3
C15498,3,1
C15499,4,2
C15500,4,4
C15501,1,3
C15502,2,4
C15503,4,4
C15504,1,3
C15505,3,1
C15506,4,4
C15507,2,4
C15508,1,3
C15509,3,4
C15510,1,3
C15511,2,4
C15512,1,3
C15513,2,4
C15514,3,1
C15515,1,3
C15516,2,4
C15517,2,4
C15519,1,3
C15520,2,2
C15521,1,3
C15522,3,1
C15523,1,3
C15524,1,3
C15525,4,4
C15526,3,1
C15527,1,3
C15528,3,4
C15529,3,1
C15530,4,2
C15531,3,1
C15532,3,1
C15533,1,3
C15534,1,3
C15535,1,3
C15536,1,3
C15537,1,3
C15538,1,3
C15539,3,1
C15540,1,3
C15541,2,3
C15542,1,3
C15543,3,3
C15544,3,1
C15545,2,4
C15546,2,4
C15547,3,3
C15548,4,2
C15549,3,1
C15550,4,2
C15551,3,1
C15552,4,4
C15553,4,2
C15554,4,2
C15555,3,3
C15556,1,3
C15557,4,2
C15558,3,1
C15559,3,1
C15560,2,4
C15561,1,3
C15562,4,2
C15563,1,3
C15564,3,1
C15565,1,3
C15566,3,1
C15567,3,1
C15568,3,1
C15569,2,4
C15570,3,1
C15571,4,4
C15572,2,4
C15573,2,4
C15574,4,2
C15575,1,3
C15576,1,1
C15577,2,4
C15578,2,4
C15579,2,4
C15580,4,4
C15581,2,4
C15582,3,4
C15583,2,4
C15584,2,4
C15585,2,4
C15586,1,3
C15587,1,3
C15588,3,1
C15589,1,3
C15590,3,1
C15591,2,4
C15592,1,3
C15593,1,3
C15594,3,4
C15595,2,4
C15596,3,1
C15597,4,2
C15598,1,3
C15599,1,3
C15600,4,4
C15601,3,1
C15602,3,1
C15603,4,2
C15604,3,1
C15605,1,3
C15606,4,2
C15607,4,4
C15608,2,4
C15609,4,4
C15610,3,4
C15611,1,1
C15612,2,4
C15613,4,2
C15614,1,3
C15615,2,4
C15616,1,3
C15617,3,4
C15618,2,4
C15619,1,3
C15620,3,1
C15621,1,1
C15622,3,1
C15623,3,1
C15624,2,4
C15625,4,2
C15626,3,4
C15627,4,4
C15628,4,2
C15629,4,2
C15630,3,1
C15631,2,4
C15632,2,4
C15633,1,3
C15634,1,3
C15636,4,4
C15637,1,3
C15638,3,1
C15639,1,3
C15640,1,3
C15641,3,4
C15642,1,3
C15643,1,3
C15644,2,4
C15645,3,4
C15646,4,4
C15647,1,3
C15648,3,1
C15649,4,2
C15650,2,4
C15651,1,3
C15652,1,3
C15653,1,3
C15654,4,2
C15655,2,4
C15656,3,1
C15657,3,1
C15658,1,3
C15659,3,1
C15660,2,4
C15661,1,3
C15662,3,3
C15663,2,2
C15664,1,3
C15666,1,3
C15667,4,2
C15668,1,3
C15669,4,2
C15670,4,2
C15671,4,2
C15672,3,4
C15673,3,1
C15674,1,1
C15675,1,1
C15676,4,4
C15677,1,3
C15678,4,2
C15680,4,2
C15681,4,2
C15682,3,1
C15683,2,4
C15684,3,1
C15685,3,4
C15686,3,1
C15687,4,4
C15688,3,1
C15689,2,4
C15690,3,1
C15691,2,4
C15692,3,1
C15693,3,4
C15694,1,3
C15695,4,4
C15696,3,4
C15697,3,4
C15698,2,4
C15699,1,3
C15700,4,2
C15701,4,2
C15702,3,1
C15703,4,4
C15704,1,4
C15705,4,4
C15706,3,1
C15707,2,4
C15708,3,1
C15709,1,3
C15710,2,4
C15711,2,4
C15712,2,4
C15713,1,3
C15714,2,4
C15715,2,4
C15716,2,4
C15717,3,1
C15718,3,1
C15719,4,2
C15720,4,4
C15721,3,1
C15722,1,3
C15723,4,2
C15724,1,3
C15725,1,3
C15726,2,4
C15727,2,4
C15728,1,3
C15729,4,2
C15730,3,1
C15731,4,2
C15732,3,1
C15733,2,4
C15734,2,4
C15735,2,4
C15736,1,3
C15737,1,3
C15738,2,4
C15739,2,4
C15740,2,4
C15741,1,3
C15742,4,4
C15743,1,3
C15744,3,1
C15745,4,4
C15746,3,1
C15747,3,1
C15748,3,1
C15749,3,4
C15750,3,1
C15751,3,1
C15752,1,3
C15753,4,2
C15754,1,3
C15755,4,2
C15756,3,1
C15757,3,1
C15758,1,3
C15759,2,4
C15760,3,1
C15761,3,1
C15762,4,4
C15763,1,3
C15764,4,4
C15765,3,1
C15766,1,3
C15767,3,1
C15768,3,1
C15769,3,1
C15770,4,2
C15771,2,4
C15773,3,1
C15774,3,1
C15775,3,1
C15776,4,4
C15777,2,4
C15778,3,4
C15779,1,3
C15780,3,1
C15781,2,4
C15782,3,1
C15783,1,1
C15784,2,4
C15785,3,1
C15786,2,4
C15787,3,1
C15789,3,1
C15790,1,3
C15791,3,1
C15792,2,4
C15793,2,1
C15794,1,1
C15795,4,4
C15796,1,3
C15797,1,3
C15798,3,1
C15799,3,1
C15800,3,1
C15801,3,1
C15802,3,1
C15803,4,2
C15804,1,3
C15805,3,3
C15806,3,1
C15807,4,2
C15808,3,4
C15809,3,4
C15810,2,4
C15811,1,3
C15812,2,4
C15813,3,1
C15814,2,4
C15815,2,2
C15816,3,1
C15817,3,4
C15818,4,4
C15819,1,3
C15820,1,3
C15821,3,1
C15822,2,4
C15823,1,3
C15824,2,3
C15825,1,3
C15826,2,1
C15827,1,3
C15828,4,4
C15829,3,1
C15830,2,4
C15831,4,2
C15832,4,2
C15833,1,3
C15834,3,1
C15835,3,3
C15836,2,4
C15837,2,4
C15838,1,3
C15839,3,4
C15840,3,1
C15841,2,4
C15842,3,1
C15843,2,4
C15844,2,4
C15845,4,2
C15846,3,1
C15847,2,4
C15848,3,1
C15849,3,1
C15850,3,1
C15851,3,4
C15852,4,2
C15853,4,2
C15854,1,1
C15856,2,4
C15857,2,4
C15858,2,4
C15859,1,3
C15860,3,4
C15861,1,3
C15862,1,3
C15863,1,3
C15864,1,3
C15865,4,4
C15866,2,4
C15867,2,4
C15868,2,4
C15869,3,1
C15870,1,3
C15871,1,3
C15872,4,2
C15873,3,4
C15874,3,1
C15875,1,3
C15876,1,1
C15877,2,4
C15878,4,4
C15879,1,3
C15880,1,3
C15881,3,1
C15882,2,1
C15883,1,3
C15885,3,1
C15886,1,3
C15887,1,3
C15888,2,4
C15889,2,4
C15890,2,4
C15891,3,3
C15892,4,4
C15893,1,3
C15894,2,4
C15895,1,3
C15896,1,3
C15897,1,3
C15898,2,4
C15899,3,4
C15900,1,3
C15901,1,1
C15902,4,2
C15903,3,1
C15904,2,4
C15905,3,1
C15906,3,1
C15907,2,4
C15908,3,1
C15909,3,1
C15910,2,4
C15912,4,2
C15913,3,1
C15914,3,1
C15915,1,3
C15916,2,4
C15917,3,1
C15918,2,4
C15919,3,1
C15920,3,1
C15921,3,1
C15922,3,1
C15923,4,2
C15924,2,4
C15925,1,3
C15926,3,1
C15927,3,4
C15928,3,3
C15929,3,1
C15930,3,1
C15931,2,4
C15932,4,2
C15933,1,3
C15934,3,1
C15935,3,3
C15936,3,1
C15937,2,4
C15938,3,4
C15939,2,4
C15940,1,3
C15941,1,3
C15943,2,4
C15944,3,1
C15945,2,4
C15946,3,1
C15947,3,1
C15948,1,3
C15949,2,4
C15950,4,4
C15951,1,3
C15952,3,1
C15953,3,1
C15954,3,1
C15955,3,4
C15956,4,2
C15957,2,4
C15958,1,3
C15959,1,3
C15960,2,1
C15961,3,1
C15962,1,3
C15963,1,3
C15965,1,1
C15966,3,1
C15967,4,2
C15968,4,4
C15969,2,4
C15970,4,2
C15971,3,1
C15972,2,4
C15973,3,1
C15974,3,4
C15975,4,2
C15976,3,1
C15977,1,1
C15978,4,2
C15979,2,4
C15980,1,3
C15981,1,1
C15982,2,4
C15983,3,1
C15984,4,4
C15985,1,3
C15986,1,3
C15987,2,2
C15988,3,1
C15989,4,2
C15990,3,1
C15991,3,1
C15992,4,1
C15993,1,3
C15994,4,2
C15995,4,2
C15996,3,1
C15997,2,4
C15998,1,1
C15999,4,2
C16000,3,1
C16001,1,1
C16002,4,2
C16003,1,3
C16004,2,4
C16005,1,3
C16007,1,3
C16008,2,4
C16009,3,1
C16010,3,1
C16011,4,2
C16012,3,1
C16013,2,4
C16014,1,3
C16015,1,3
C16016,4,2
C16017,1,3
C16018,3,2
C16019,2,4
C16020,4,2
C16021,2,4
C16022,4,4
C16023,3,4
C16024,4,2
C16025,4,2
C16026,2,4
C16028,3,3
C16029,3,1
C16030,1,3
C16031,4,2
C16032,3,1
C16033,4,4
C16034,2,4
C16035,3,1
C16036,1,3
C16037,2,4
C16038,4,2
C16039,3,1
C16040,2,4
C16041,3,1
C16042,3,1
C16043,3,4
C16045,2,4
C16046,1,3
C16047,4,4
C16048,2,4
C16049,4,4
C16050,1,1
C16051,3,1
C16052,2,4
C16053,1,3
C16054,1,3
C16055,3,1
C16056,4,2
C16057,3,1
C16058,2,4
C16059,1,3
C16060,2,4
C16061,1,3
C16062,3,1
C16063,4,4
C16064,3,4
C16065,3,4
C16066,3,3
C16067,1,3
C16068,3,1
C16069,1,3
C16070,4,4
C16071,2,4
C16072,3,1
C16073,2,4
C16074,3,4
C16075,1,3
C16076,3,1
C16077,4,4
C16078,3,1
C16079,1,3
C16080,1,3
C16081,3,1
C16082,1,3
C16083,3,1
C16084,3,1
C16085,1,3
C16086,3,1
C16087,3,1
C16088,2,4
C16089,3,1
C16090,1,3
C16091,2,4
C16092,1,1
C16093,2,3
C16094,3,1
C16095,4,2
C16096,2,4
C16097,3,1
C16098,3,4
C16099,1,3
C16100,1,3
C16101,4,2
C16102,4,2
C16103,4,2
C16104,3,1
C16105,2,1
C16106,2,4
C16107,2,4
C16108,1,3
C16109,1,3
C16110,1,3
C16111,4,2
C16112,1,3
C16113,3,1
C16114,1,3
C16115,2,4
C16116,1,1
C16117,2,4
C16118,1,3
C16119,3,1
C16120,3,1
C16121,2,4
C16122,1,1
C16123,4,4
C16124,3,1
C16125,2,4
C16126,4,4
C16127,2,4
C16128,2,4
C16129,3,4
C16130,4,2
C16131,4,2
C16132,3,4
C16133,2,4
C16134,1,3
C16135,1,3
C16136,1,3
C16137,3,1
C16138,4,2
C16139,3,1
C16140,3,1
C16141,3,1
C16142,2,4
C16143,1,3
C16144,2,4
C16145,3,1
C16146,3,1
C16147,4,4
C16148,1,3
C16149,3,1
C16150,3,4
C16151,3,1
C16153,2,4
C16154,3,1
C16155,1,3
C16157,1,3
C16158,1,3
C16159,3,1
C16160,3,1
C16161,1,3
C16162,1,3
C16163,3,1
C16164,1,1
C16165,4,4
C16166,3,1
C16167,1,3
C16168,4,2
C16169,3,1
C16171,2,4
C16172,4,4
C16173,1,3
C16174,3,1
C16175,3,1
C16176,2,4
C16177,1,3
C16178,4,4
C16179,3,1
C16180,3,1
C16181,1,3
C16182,3,1
C16184,3,1
C16185,1,1
C16186,3,1
C16187,3,1
C16188,2,4
C16189,4,3
C16190,3,1
C16191,4,2
C16192,1,3
C16193,3,3
C16194,3,1
C16195,2,4
C16196,2,4
C16197,4,2
C16198,4,2
C16199,1,3
C16200,4,4
C16201,3,1
C16202,4,4
C16203,4,4
C16204,4,4
C16205,3,4
C16206,2,4
C16207,1,3
C16208,4,2
C16209,1,1
C16210,4,2
C16212,4,4
C16213,3,1
C16214,4,2
C16215,3,1
C16216,1,3
C16217,1,3
C16218,1,3
C16219,2,4
C16220,4,2
C16221,4,4
C16222,3,1
C16223,3,1
C16224,1,3
C16225,3,1
C16226,4,4
C16227,3,1
C16228,4,4
C16229,2,4
C16230,3,1
C16231,4,2
C16232,3,1
C16233,3,1
C16234,4,2
C16235,3,4
C16236,4,4
C16237,3,1
C16238,1,3
C16239,4,4
C16240,2,4
C16241,1,3
C16242,3,1
C16243,2,4
C16244,1,3
C16245,1,3
C16246,3,1
C16247,4,2
C16248,2,4
C16249,1,3
C16250,1,3
C16251,2,4
C16252,4,4
C16253,3,1
C16254,3,1
C16255,4,2
C16256,3,4
C16257,2,4
C16258,3,1
C16259,3,1
C16260,3,1
C16261,4,2
C16262,2,4
C16263,3,1
C16264,1,3
C16265,2,4
C16266,2,4
C16267,4,4
C16268,4,2
C16269,3,4
C16270,2,4
C16271,2,4
C16272,3,1
C16273,1,3
C16274,2,4
C16275,3,4
C16276,2,4
C16277,1,3
C16278,1,3
C16279,2,4
C16280,4,2
C16281,3,1
C16282,3,4
C16283,1,3
C16284,2,4
C16285,2,4
C16286,3,1
C16287,1,3
C16288,1,3
C16289,3,1
C16290,1,1
C16291,1,3
C16292,4,2
C16293,3,1
C16294,1,1
C16295,1,3
C16296,1,3
C16297,1,3
C16298,4,4
C16299,4,2
C16300,1,3
C16301,3,1
C16302,2,4
C16303,1,3
C16304,2,4
C16305,4,4
C16306,3,4
C16307,3,4
C16308,3,1
C16309,1,1
C16310,4,4
C16311,1,1
C16312,4,2
C16313,3,1
C16314,1,1
C16315,1,3
C16316,2,4
C16317,1,3
C16318,4,4
C16319,2,4
C16320,2,4
C16321,2,4
C16322,4,2
C16323,1,3
C16324,4,2
C16325,3,1
C16326,4,4
C16327,4,4
C16328,3,1
C16329,4,3
C16330,3,1
C16331,2,4
C16332,1,3
C16333,3,1
C16334,3,4
C16335,3,1
C16336,4,3
C16337,1,3
C16338,1,3
C16339,1,3
C16340,3,4
C16341,1,3
C16342,2,4
C16343,1,3
C16345,2,4
C16346,4,4
C16347,3,1
C16348,4,2
C16349,3,1
C16350,3,4
C16351,3,3
C16352,3,1
C16353,1,3
C16354,1,1
C16355,2,4
C16356,4,2
C16357,3,4
C16358,3,4
C16359,3,1
C16360,1,1
C16361,3,1
C16362,2,4
C16363,2,4
C16364,3,1
C16365,2,4
C16366,3,1
C16367,3,1
C16369,3,3
C16370,3,1
C16371,2,2
C16372,2,4
C16373,1,3
C16374,3,1
C16375,3,1
C16376,3,1
C16377,1,3
C16378,1,3
C16379,4,2
C16380,3,1
C16381,1,3
C16382,3,1
C16383,4,2
C16384,1,3
C16385,1,3
C16386,2,4
C16387,3,1
C16388,1,3
C16389,4,2
C16390,3,1
C16391,2,4
C16392,4,3
C16393,3,1
C16394,3,1
C16395,2,1
C16396,1,3
C16397,3,1
C16398,3,4
C16399,3,4
C16400,3,1
C16401,1,3
C16402,3,1
C16403,2,2
C16404,3,1
C16405,3,1
C16406,2,4
C16407,3,1
C16408,1,3
C16409,3,1
C16410,1,3
C16411,4,4
C16412,4,4
C16414,1,3
C16415,1,3
C16416,2,4
C16417,3,4
C16418,1,3
C16419,3,3
C16421,3,3
C16422,1,3
C16423,2,4
C16424,2,4
C16425,3,1
C16426,1,1
C16427,3,1
C16428,2,4
C16429,2,4
C16430,1,3
C16431,2,4
C16432,1,1
C16433,4,2
C16434,1,3
C16435,3,1
C16436,4,4
C16437,3,1
C16438,2,4
C16439,4,2
C16440,3,1
C16441,1,3
C16442,2,4
C16443,2,4
C16444,3,1
C16445,3,1
C16446,2,4
C16447,1,3
C16448,4,2
C16449,3,1
C16450,4,2
C16451,2,4
C16452,3,1
C16453,2,4
C16454,4,4
C16455,2,4
C16456,2,4
C16457,1,3
C16458,2,4
C16459,4,2
C16460,1,3
C16461,3,1
C16462,4,2
C16463,1,3
C16464,3,4
C16465,4,4
C16466,1,3
C16467,4,2
C16468,1,3
C16469,1,3
C16470,2,4
C16471,4,2
C16472,4,2
C16473,2,4
C16474,3,1
C16475,3,1
C16476,1,3
C16477,2,4
C16478,2,4
C16479,4,4
C16480,4,2
C16481,4,4
C16482,3,1
C16483,1,3
C16484,3,4
C16485,3,1
C16486,2,4
C16487,3,1
C16488,3,1
C16489,1,3
C16490,4,4
C16491,2,4
C16492,4,4
C16493,1,3
C16494,4,2
C16495,4,4
C16496,2,4
C16497,3,3
C16498,4,2
C16499,1,3
C16500,2,4
C16501,1,3
C16502,2,4
C16503,3,1
C16504,4,4
C16505,1,3
C16506,4,2
C16507,4,4
C16508,1,3
C16509,4,2
C16510,3,3
C16511,4,4
C16512,2,4
C16513,1,3
C16514,3,1
C16515,3,1
C16516,1,3
C16517,3,1
C16518,3,1
C16519,1,3
C16520,2,4
C16521,1,3
C16522,4,4
C16523,4,4
C16524,4,4
C16525,3,1
C16526,3,1
C16527,4,2
C16528,2,4
C16529,3,1
C16530,1,3
C16531,3,1
C16532,3,1
C16533,2,4
C16534,3,1
C16535,1,3
C16536,1,3
C16537,2,4
C16538,2,4
C16539,1,3
C16540,3,4
C16541,3,1
C16542,3,1
C16543,4,3
C16544,2,4
C16545,1,3
C16546,1,3
C16547,3,4
C16548,3,1
C16549,4,4
C16550,2,4
C16551,3,1
C16552,3,1
C16553,1,3
C16554,3,1
C16555,4,2
C16556,2,4
C16557,1,3
C16558,2,4
C16559,3,1
C16560,3,1
C16561,3,4
C16562,1,1
C16563,2,4
C16564,3,4
C16565,4,2
C16566,3,1
C16567,4,2
C16568,1,3
C16569,3,4
C16570,2,4
C16571,3,4
C16572,1,3
C16573,3,1
C16574,3,1
C16575,3,4
C16576,3,1
C16577,3,1
C16578,2,4
C16579,4,4
C16580,1,3
C16581,1,3
C16583,2,4
C16584,1,3
C16585,3,1
C16586,2,4
C16587,1,3
C16588,1,3
C16589,3,1
C16590,3,1
C16591,2,4
C16592,1,3
C16593,1,3
C16594,3,4
C16595,1,3
C16596,2,4
C16597,1,3
C16598,1,3
C16599,4,2
C16600,4,2
C16601,3,1
C16602,4,2
C16603,2,4
C16604,4,2
C16605,4,2
C16606,1,1
C16607,2,4
C16608,2,4
C16609,1,3
C16610,2,4
C16611,4,2
C16612,3,1
C16613,3,1
C16614,4,4
C16615,3,1
C16616,4,4
C16617,4,4
C16618,3,4
C16619,4,2
C16620,1,3
C16621,1,3
C16622,3,4
C16623,3,4
C16625,1,3
C16626,3,1
C16627,3,4
C16628,2,3
C16629,3,1
C16630,4,4
C16631,2,4
C16632,1,3
C16633,3,4
C16634,3,1
C16635,2,4
C16636,4,2
C16637,2,4
C16638,3,1
C16639,3,1
C16640,3,1
C16641,3,1
C16642,3,1
C16643,2,4
C16644,2,4
C16645,1,3
C16646,3,1
C16647,4,3
C16648,3,1
C16650,1,3
C16651,3,1
C16652,1,3
C16653,3,1
C16654,3,4
C16655,1,3
C16656,3,1
C16657,1,3
C16658,4,2
C16659,3,1
C16660,2,4
C16661,2,4
C16662,2,3
C16663,1,3
C16664,3,1
C16665,2,4
C16666,1,3
C16667,2,4
C16668,1,3
C16669,2,4
C16670,3,1
C16671,2,4
C16672,1,3
C16673,2,4
C16674,4,2
C16675,3,4
C16676,3,1
C16677,4,2
C16678,2,4
C16679,1,3
C16680,3,1
C16681,2,4
C16682,3,1
C16683,4,4
C16684,3,1
C16685,2,4
C16686,2,4
C16687,3,1
C16688,2,4
C16689,2,4
C16690,4,2
C16691,1,3
C16692,2,4
C16693,3,1
C16694,4,2
C16695,3,1
C16697,2,4
C16698,2,4
C16699,2,4
C16700,1,3
C16701,3,1
C16702,2,4
C16703,2,4
C16704,1,1
C16705,3,1
C16706,2,4
C16707,2,4
C16708,2,4
C16709,1,3
C16710,1,3
C16711,3,1
C16712,4,4
C16713,1,3
C16714,2,4
C16715,2,4
C16716,3,1
C16717,1,3
C16718,2,4
C16719,1,1
C16720,2,4
C16721,3,1
C16722,2,4
C16723,3,1
C16724,1,3
C16725,3,1
C16726,2,4
C16727,3,1
C16728,1,3
C16729,1,3
C16730,1,3
C16731,1,3
C16732,4,4
C16733,2,4
C16734,2,4
C16735,2,4
C16736,1,3
C16737,3,1
C16738,2,4
C16739,4,2
C16740,3,4
C16741,3,3
C16742,4,4
C16743,1,3
C16744,3,1
C16745,1,3
C16746,3,1
C16747,1,3
C16748,2,4
C16749,2,4
C16750,3,1
C16751,3,1
C16752,3,1
C16753,2,4
C16755,2,4
C16757,1,3
C16758,4,2
C16759,2,4
C16760,3,4
C16761,3,1
C16762,4,2
C16763,3,1
C16764,2,4
C16765,3,1
C16766,3,4
C16767,1,3
C16768,4,2
C16769,2,4
C16770,1,1
C16771,3,1
C16772,1,3
C16773,2,4
C16774,1,3
C16775,3,1
C16776,1,3
C16777,1,3
C16778,3,1
C16779,1,3
C16780,1,1
C16781,4,2
C16782,1,3
C16784,2,4
C16785,4,4
C16786,1,1
C16787,3,1
C16789,3,1
C16790,3,1
C16791,2,4
C16792,2,4
C16793,2,4
C16794,2,4
C16795,3,1
C16796,4,4
C16797,3,1
C16798,3,1
C16799,4,2
C16800,2,4
C16801,2,4
C16802,3,1
C16803,1,3
C16804,1,3
C16805,1,3
C16806,2,4
C16807,4,2
C16808,2,4
C16809,4,4
C16810,4,4
C16811,3,1
C16812,4,2
C16813,3,4
C16814,3,1
C16815,2,4
C16816,1,3
C16817,4,2
C16818,4,2
C16819,2,4
C16820,3,1
C16821,4,3
C16822,1,3
C16823,4,2
C16824,3,1
C16825,3,1
C16826,3,1
C16827,3,1
C16828,3,1
C16829,1,4
C16831,4,2
C16832,4,4
C16833,3,1
C16834,2,4
C16835,1,3
C16836,3,4
C16837,1,3
C16838,1,3
C16839,2,4
C16840,2,4
C16841,3,1
C16842,3,1
C16843,3,1
C16844,4,4
C16845,2,4
C16847,4,4
C16849,3,1
C16850,2,4
C16851,3,1
C16852,4,4
C16854,1,1
C16855,3,1
C16856,1,1
C16857,4,2
C16858,3,1
C16859,3,1
C16860,4,4
C16861,3,1
C16862,3,1
C16863,1,3
C16864,3,1
C16865,4,2
C16866,1,3
C16867,3,1
C16868,1,3
C16869,4,2
C16870,1,3
C16871,3,1
C16872,3,1
C16873,4,2
C16874,2,4
C16875,2,4
C16876,4,2
C16877,3,1
C16878,2,4
C16880,3,1
C16881,4,2
C16882,3,4
C16883,3,1
C16884,1,3
C16885,2,4
C16886,2,4
C16887,3,1
C16888,3,1
C16889,1,3
C16890,1,3
C16891,2,4
C16892,4,2
C16893,4,2
C16894,2,4
C16895,1,3
C16896,2,4
C16897,4,4
C16898,3,1
C16899,3,1
C16900,3,1
C16901,4,2
C16902,1,3
C16903,2,4
C16904,1,3
C16905,2,4
C16906,1,3
C16907,3,1
C16908,3,1
C16909,3,4
C16910,4,4
C16911,3,1
C16912,2,4
C16913,3,1
C16914,1,3
C16915,3,1
C16916,1,3
C16917,3,1
C16918,2,4
C16919,3,4
C16920,1,3
C16921,2,4
C16922,3,1
C16923,2,4
C16924,3,1
C16925,2,4
C16926,3,1
C16927,3,1
C16928,2,4
C16929,3,1
C16930,1,3
C16931,1,1
C16932,2,4
C16933,2,4
C16934,4,4
C16935,4,2
C16936,3,1
C16937,4,2
C16938,4,2
C16939,2,4
C16940,4,4
C16941,2,4
C16942,3,1
C16943,2,4
C16944,1,3
C16945,2,4
C16946,1,3
C16947,1,3
C16948,3,1
C16949,3,1
C16950,3,1
C16951,2,4
C16952,2,4
C16953,3,1
C16954,4,4
C16955,1,3
C16956,3,1
C16957,2,4
C16958,3,1
C16959,3,1
C16960,3,1
C16961,3,1
C16962,3,1
C16963,3,1
C16964,3,1
C16965,2,4
C16966,2,4
C16967,2,4
C16968,3,1
C16969,1,3
C16970,2,4
C16971,3,1
C16972,2,4
C16973,1,3
C16974,1,3
C16975,1,3
C16976,4,2
C16977,3,1
C16978,2,4
C16979,1,3
C16980,1,3
C16981,2,4
C16982,3,1
C16983,2,4
C16984,3,1
C16985,2,4
C16986,4,2
C16987,4,4
C16988,3,1
C16989,3,4
C16990,3,1
C16991,3,1
C16992,2,4
C16993,2,4
C16994,1,3
C16995,4,2
C16996,3,3
C16997,2,4
C16998,3,4
C16999,3,1
C17000,3,4
C17001,3,1
C17002,2,4
C17003,3,1
C17004,3,4
C17005,1,3
C17006,4,2
C17007,3,1
C17008,2,4
C17009,2,4
C17010,1,3
C17011,3,1
C17012,3,1
C17013,4,4
C17014,1,3
C17015,2,4
C17016,2,4
C17017,1,3
C17018,4,4
C17019,2,4
C17020,1,3
C17021,4,4
C17022,3,1
C17023,4,2
C17024,2,4
C17025,4,2
C17026,1,3
C17027,4,4
C17028,3,1
C17029,1,3
C17030,1,3
C17031,3,1
C17032,1,3
C17033,3,4
C17034,2,4
C17035,1,3
C17036,3,1
C17037,3,4
C17038,2,4
C17039,1,3
C17040,3,4
C17041,3,1
C17042,3,3
C17043,3,1
C17044,2,4
C17045,4,4
C17046,1,3
C17047,2,4
C17048,2,4
C17049,4,4
C17050,3,1
C17051,1,3
C17052,1,3
C17053,2,4
C17054,3,1
C17055,1,3
C17056,1,3
C17057,4,4
C17058,3,1
C17059,2,4
C17060,1,3
C17062,2,4
C17063,3,3
C17064,2,4
C17065,3,1
C17066,3,1
C17067,3,1
C17068,4,4
C17069,3,1
C17070,3,1
C17071,3,1
C17072,1,3
C17073,1,3
C17074,2,4
C17075,3,1
C17076,2,4
C17077,2,4
C17078,1,3
C17079,2,4
C17080,3,1
C17081,3,1
C17082,1,3
C17083,3,1
C17084,4,2
C17085,2,4
C17086,4,4
C17087,1,3
C17088,3,1
C17089,1,3
C17090,1,3
C17091,2,4
C17092,4,4
C17093,2,4
C17094,1,3
C17095,4,4
C17096,3,4
C17097,3,1
C17098,1,3
C17099,1,3
C17100,2,4
C17101,3,1
C17102,2,4
C17103,1,1
C17104,3,1
C17105,4,2
C17106,1,3
C17107,2,4
C17108,3,1
C17109,3,1
C17110,2,4
C17111,2,4
C17112,3,4
C17113,2,4
C17114,3,4
C17115,1,3
C17116,3,1
C17117,2,4
C17118,4,2
C17119,2,1
C17120,3,1
C17121,3,1
C17122,4,4
C17123,3,1
C17124,2,4
C17125,2,4
C17126,4,4
C17127,2,4
C17128,3,1
C17129,2,4
C17130,1,3
C17131,3,3
C17132,1,3
C17133,4,2
C17134,1,3
C17135,3,1
C17136,3,1
C17137,2,4
C17138,1,1
C17139,4,4
C17140,1,3
C17141,2,4
C17142,3,1
C17143,2,4
C17144,3,1
C17145,1,3
C17146,1,3
C17147,3,1
C17148,3,1
C17149,3,1
C17150,2,4
C17151,3,1
C17152,1,3
C17153,1,3
C17154,1,3
C17156,1,1
C17157,2,4
C17158,1,3
C17159,1,3
C17160,2,4
C17161,3,1
C17162,2,4
C17163,3,4
C17164,3,1
C17165,3,4
C17166,3,1
C17167,2,4
C17168,4,2
C17169,3,4
C17170,2,4
C17172,2,4
C17173,2,4
C17174,2,4
C17175,2,4
C17176,3,1
C17177,4,2
C17178,2,4
C17179,2,4
C17180,3,1
C17181,4,2
C17182,3,1
C17183,4,2
C17184,1,3
C17185,3,1
C17186,1,3
C17187,3,1
C17188,1,3
C17189,2,4
C17190,2,4
C17191,4,4
C17192,3,1
C17193,3,1
C17194,3,1
C17195,2,4
C17196,3,4
C17197,3,1
C17198,3,1
C17199,4,2
C17200,2,4
C17201,1,3
C17202,1,1
C17203,3,1
C17204,4,2
C17205,2,4
C17206,1,3
C17207,2,4
C17208,3,4
C17209,2,4
C17210,4,4
C17211,1,3
C17212,1,3
C17213,2,4
C17214,3,1
C17215,1,3
C17216,2,4
C17217,3,1
C17218,1,3
C17219,2,4
C17220,2,4
C17221,4,4
C17222,2,4
C17223,2,4
C17224,3,1
C17225,3,1
C17226,2,4
C17227,3,4
C17228,2,4
C17229,2,4
C17230,2,4
C17231,1,3
C17232,1,3
C17233,1,3
C17234,1,3
C17235,3,4
C17236,3,1
C17237,4,2
C17239,2,4
C17240,2,4
C17241,3,4
C17242,1,3
C17243,2,4
C17244,2,4
C17245,1,3
C17246,1,3
C17247,2,1
C17248,1,3
C17249,3,1
C17250,2,4
C17251,4,4
C17252,1,3
C17253,3,1
C17254,2,4
C17255,1,1
C17256,1,3
C17257,3,3
C17258,3,1
C17259,2,4
C17260,1,1
C17261,2,1
C17262,1,3
C17263,2,4
C17264,4,4
C17265,1,3
C17266,3,1
C17267,3,1
C17268,3,1
C17269,1,1
C17270,4,2
C17271,2,4
C17272,1,3
C17273,4,4
C17274,2,4
C17275,3,1
C17276,2,4
C17277,2,4
C17278,1,3
C17279,3,4
C17280,3,1
C17281,3,4
C17282,3,1
C17283,3,4
C17284,2,4
C17285,3,1
C17286,4,2
C17287,3,1
C17288,2,4
C17289,3,4
C17290,4,2
C17291,3,1
C17292,3,4
C17293,3,4
C17294,2,1
C17295,4,4
C17296,3,1
C17297,1,3
C17298,2,4
C17299,3,4
C17300,3,1
C17302,1,3
C17303,3,1
C17304,4,2
C17305,1,3
C17306,2,4
C17307,2,4
C17308,2,4
C17309,3,4
C17310,2,4
C17311,4,2
C17312,3,1
C17313,2,4
C17314,2,4
C17315,4,2
C17316,3,4
C17317,4,2
C17318,2,4
C17319,2,4
C17320,4,2
C17321,2,4
C17322,1,3
C17323,3,1
C17324,3,1
C17325,1,3
C17326,1,3
C17327,2,4
C17328,3,1
C17329,3,4
C17330,2,4
C17331,2,4
C17332,3,1
C17334,3,1
C17335,2,4
C17336,3,4
C17337,1,3
C17338,3,1
C17339,2,4
C17340,3,4
C17341,3,4
C17342,2,4
C17343,2,4
C17344,4,2
C17345,2,4
C17346,4,2
C17347,3,1
C17348,2,4
C17349,3,4
C17350,1,3
C17351,1,3
C17352,1,1
C17353,2,4
C17354,3,3
C17355,1,3
C17356,1,3
C17357,3,1
C17358,3,1
C17359,1,3
C17360,3,4
C17361,3,1
C17362,3,1
C17363,1,3
C17364,3,1
C17365,3,1
C17366,3,4
C17367,3,1
C17368,3,4
C17369,4,2
C17370,2,4
C17371,3,4
C17372,1,3
C17373,3,1
C17374,3,1
C17376,1,1
C17377,4,2
C17378,3,1
C17379,2,4
C17380,3,1
C17381,2,4
C17382,4,4
C17383,1,3
C17384,3,1
C17385,4,4
C17386,2,4
C17387,1,1
C17388,1,3
C17389,3,4
C17390,4,2
C17391,2,4
C17392,1,3
C17393,1,3
C17394,1,3
C17395,1,3
C17396,2,4
C17397,1,3
C17398,3,1
C17399,1,1
C17400,3,4
C17401,2,4
C17402,3,1
C17403,2,4
C17404,4,4
C17405,1,3
C17406,1,1
C17407,1,3
C17408,3,1
C17409,3,1
C17410,3,1
C17411,1,3
C17412,1,1
C17413,3,1
C17414,1,3
C17415,2,4
C17416,3,1
C17417,1,3
C17418,2,4
C17419,2,4
C17420,3,1
C17421,2,4
C17422,1,1
C17423,3,3
C17424,2,4
C17425,4,2
C17426,1,3
C17427,2,4
C17428,1,3
C17429,1,3
C17430,4,4
C17431,1,3
C17432,3,4
C17433,1,3
C17434,1,1
C17435,3,1
C17436,3,1
C17437,2,4
C17438,3,1
C17439,1,3
C17440,4,2
C17441,2,4
C17442,3,1
C17443,2,4
C17444,3,4
C17445,1,3
C17446,3,1
C17448,4,4
C17449,3,4
C17450,4,3
C17451,3,1
C17452,1,3
C17453,3,1
C17454,1,3
C17455,1,1
C17456,2,4
C17457,3,1
C17458,2,4
C17459,4,2
C17460,3,1
C17461,4,2
C17462,3,4
C17463,3,4
C17464,3,4
C17465,2,4
C17466,4,2
C17467,4,4
C17468,1,3
C17469,1,3
C17470,3,1
C17471,3,4
C17472,1,3
C17473,4,2
C17474,4,1
C17476,1,3
C17477,3,1
C17478,2,4
C17479,2,4
C17480,1,1
C17481,2,4
C17482,3,4
C17483,4,4
C17484,3,1
C17485,3,1
C17486,2,4
C17487,1,1
C17488,1,3
C17489,3,1
C17490,3,1
C17491,2,4
C17492,3,1
C17493,3,1
C17494,1,3
C17495,2,4
C17496,3,1
C17497,3,1
C17498,2,4
C17499,3,3
C17500,4,3
C17501,3,1
C17502,3,4
C17503,2,4
C17504,3,1
C17505,4,4
C17506,2,4
C17507,3,4
C17508,2,4
C17509,4,4
C17510,3,1
C17511,3,1
C17512,4,4
C17513,2,4
C17514,2,4
C17515,3,1
C17516,4,4
C17517,2,4
C17518,2,4
C17519,2,4
C17521,1,3
C17522,3,1
C17523,2,4
C17524,3,1
C17525,3,1
C17526,2,4
C17527,3,1
C17528,4,2
C17529,4,4
C17530,3,4
C17531,1,3
C17532,4,4
C17533,1,1
C17534,4,2
C17535,4,2
C17536,1,3
C17538,1,1
C17539,2,4
C17540,2,4
C17541,4,2
C17542,3,1
C17543,1,3
C17544,2,4
C17545,2,4
C17546,2,4
C17547,2,4
C17548,2,4
C17549,4,2
C17550,4,4
C17551,1,3
C17553,2,4
C17554,2,4
C17555,2,4
C17556,2,4
C17557,2,4
C17558,3,4
C17559,3,1
C17560,3,1
C17561,4,2
C17562,2,4
C17563,1,3
C17565,3,1
C17566,4,4
C17567,2,4
C17568,1,3
C17569,2,4
C17570,2,4
C17571,2,4
C17572,2,4
C17573,4,2
C17574,4,2
C17575,3,1
C17576,1,3
C17577,2,4
C17578,2,4
C17579,4,4
C17580,2,4
C17581,3,1
C17582,3,1
C17583,2,4
C17584,3,1
C17585,1,3
C17586,2,4
C17587,3,1
C17588,2,4
C17589,2,4
C17590,1,3
C17591,3,1
C17593,3,1
C17594,3,4
C17595,3,1
C17596,1,3
C17597,3,1
C17598,1,3
C17599,3,1
C17600,3,1
C17601,2,4
C17602,3,1
C17603,3,1
C17604,3,1
C17605,1,3
C17606,2,4
C17607,1,3
C17608,3,1
C17609,3,1
C17610,2,4
C17611,2,4
C17612,1,3
C17613,4,4
C17614,1,3
C17615,3,1
C17616,3,1
C17617,3,1
C17618,2,4
C17619,4,2
C17620,3,1
C17621,4,4
C17622,1,3
C17623,4,4
C17624,3,4
C17625,3,4
C17626,3,1
C17628,3,1
C17629,1,3
C17630,1,3
C17631,1,3
C17632,2,2
C17633,3,1
C17634,2,4
C17635,1,3
C17636,1,3
C17637,3,1
C17638,3,4
C17639,2,4
C17640,1,3
C17641,2,4
C17642,3,1
C17643,3,1
C17644,1,3
C17645,2,4
C17646,1,3
C17647,4,2
C17648,3,1
C17649,4,4
C17650,2,4
C17651,2,4
C17652,3,1
C17653,3,1
C17654,1,3
C17655,3,1
C17656,3,1
C17657,3,1
C17658,2,4
C17659,2,4
C17660,1,3
C17661,4,2
C17662,3,1
C17663,1,3
C17664,1,3
C17665,2,4
C17666,3,4
C17667,1,3
C17668,3,1
C17669,2,4
C17670,1,3
C17671,1,3
C17672,3,1
C17673,2,4
C17674,3,1
C17675,4,4
C17676,4,4
C17677,1,3
C17678,3,4
C17679,3,1
C17680,2,4
C17681,3,3
C17682,2,4
C17683,3,1
C17684,4,4
C17685,3,1
C17686,1,3
C17687,4,2
C17688,2,4
C17689,3,1
C17690,1,3
C17691,1,3
C17692,3,1
C17693,4,2
C17694,4,2
C17695,2,4
C17696,3,1
C17697,2,4
C17698,1,3
C17699,3,1
C17700,2,4
C17701,4,4
C17702,3,1
C17703,3,1
C17704,3,4
C17705,3,1
C17706,1,3
C17707,2,4
C17708,2,4
C17709,2,4
C17710,2,4
C17711,4,2
C17712,3,1
C17713,2,4
C17714,2,4
C17715,2,4
C17716,4,2
C17717,4,2
C17718,3,4
C17719,4,2
C17720,2,4
C17721,3,1
C17722,3,1
C17723,3,3
C17724,4,2
C17726,2,4
C17727,4,4
C17728,3,4
C17729,3,1
C17730,2,4
C17731,4,2
C17732,3,1
C17733,2,4
C17734,2,4
C17735,3,3
C17736,2,4
C17737,3,4
C17738,1,3
C17739,4,4
C17740,4,4
C17741,3,1
C17742,1,3
C17743,3,1
C17744,3,1
C17745,3,1
C17746,3,1
C17747,3,1
C17748,2,4
C17749,3,1
C17750,1,1
C17751,2,4
C17752,3,1
C17753,1,3
C17754,1,3
C17755,1,3
C17756,3,1
C17757,4,2
C17758,2,4
C17759,1,3
C17760,2,4
C17761,3,1
C17762,3,1
C17763,3,1
C17764,1,3
C17765,1,3
C17767,3,1
C17768,2,4
C17769,2,4
C17770,4,2
C17771,3,1
C17772,2,4
C17773,2,4
C17774,4,4
C17776,2,4
C17777,2,4
C17778,3,1
C17779,3,1
C17780,3,1
C17781,2,4
C17782,3,4
C17783,2,4
C17784,1,3
C17785,2,4
C17786,2,4
C17787,3,4
C17788,1,3
C17789,1,1
C17790,1,3
C17791,1,1
C17792,4,4
C17793,4,2
C17794,3,1
C17795,1,3
C17796,2,4
C17797,1,3
C17798,3,1
C17799,3,1
C17800,2,4
C17801,2,4
C17802,1,3
C17803,2,4
C17804,4,4
C17805,1,3
C17806,3,1
C17807,1,3
C17808,2,4
C17809,3,1
C17810,2,4
C17811,3,4
C17812,2,4
C17813,3,4
C17814,3,1
C17815,4,4
C17816,2,4
C17817,4,2
C17818,3,1
C17819,2,4
C17820,3,4
C17821,4,2
C17822,2,4
C17823,1,3
C17824,1,3
C17825,2,4
C17826,1,3
C17827,1,3
C17828,3,1
C17829,1,3
C17830,1,3
C17831,2,4
C17832,1,3
C17833,2,4
C17834,2,4
C17835,4,2
C17836,2,4
C17837,3,1
C17838,2,4
C17839,3,1
C17840,1,3
C17841,1,3
C17842,2,4
C17843,3,1
C17844,2,4
C17845,3,1
C17846,3,4
C17847,3,1
C17848,3,1
C17849,3,1
C17850,2,4
C17851,1,3
C17852,2,4
C17853,2,4
C17854,1,3
C17855,1,3
C17856,1,3
C17857,2,4
C17858,3,1
C17859,2,4
C17860,4,2
C17861,4,2
C17862,1,3
C17863,2,4
C17864,3,1
C17865,2,4
C17866,2,4
C17867,4,4
C17868,2,4
C17869,3,1
C17870,3,1
C17871,2,4
C17872,3,1
C17873,1,3
C17874,1,3
C17875,3,1
C17876,2,4
C17877,1,1
C17878,1,3
C17879,3,1
C17880,3,1
C17881,1,3
C17882,4,2
C17883,1,3
C17884,2,4
C17885,3,1
C17886,4,2
C17887,1,3
C17888,1,1
C17889,1,3
C17890,1,3
C17891,1,3
C17892,1,3
C17893,2,4
C17894,1,3
C17895,2,4
C17896,3,4
C17897,2,4
C17898,4,2
C17899,1,3
C17900,4,4
C17901,3,1
C17902,3,3
C17903,2,4
C17904,4,4
C17905,1,3
C17906,2,4
C17907,3,4
C17908,2,1
C17909,3,1
C17910,2,4
C17911,1,3
C17912,4,2
C17913,2,4
C17914,3,1
C17915,1,3
C17916,1,3
C17917,4,4
C17919,1,3
C17920,2,4
C17921,1,3
C17922,2,4
C17923,3,4
C17924,3,1
C17925,2,4
C17926,1,3
C17927,4,4
C17928,2,4
C17929,2,4
C17930,1,3
C17931,1,3
C17933,2,4
C17934,1,3
C17935,2,4
C17937,1,3
C17938,4,4
C17939,2,4
C17940,3,1
C17941,1,3
C17942,2,4
C17943,1,3
C17944,2,4
C17945,2,4
C17946,3,1
C17947,3,1
C17948,4,4
C17950,3,1
C17951,3,1
C17952,4,2
C17953,1,1
C17954,4,4
C17955,3,1
C17956,1,3
C17957,3,1
C17958,1,3
C17959,3,1
C17960,3,1
C17962,1,3
C17963,3,4
C17964,3,1
C17965,3,1
C17966,3,1
C17967,1,3
C17968,3,1
C17969,2,4
C17970,4,2
C17971,3,1
C17972,4,2
C17973,2,4
C17974,3,1
C17975,1,3
C17976,2,4
C17977,2,4
C17978,1,3
C17979,4,4
C17980,3,1
C17981,2,4
C17982,1,3
C17983,1,3
C17984,1,3
C17985,1,3
C17986,1,3
C17988,3,1
C17989,3,4
C17990,2,4
C17991,3,1
C17992,2,4
C17993,3,4
C17994,1,3
C17995,3,1
C17996,2,4
C17997,1,3
C17998,4,2
C17999,2,4
C18000,3,1
C18001,3,4
C18002,3,1
C18003,3,1
C18004,2,4
C18005,2,4
C18006,4,2
C18007,2,3
C18008,2,4
C18009,2,4
C18010,3,3
C18011,3,1
C18012,2,4
C18013,2,4
C18014,3,4
C18015,3,1
C18016,2,4
C18017,1,3
C18018,2,4
C18019,1,3
C18020,1,3
C18021,4,2
C18022,3,4
C18023,1,3
C18024,3,1
C18025,4,4
C18026,1,3
C18027,3,1
C18028,4,2
C18029,2,4
C18031,4,2
C18032,4,2
C18033,4,2
C18034,3,1
C18035,4,4
C18036,3,4
C18037,3,4
C18038,2,4
C18039,1,3
C18040,2,4
C18041,1,3
C18042,2,4
C18043,1,3
C18044,2,4
C18045,2,4
C18046,3,1
C18047,2,4
C18048,3,1
C18049,1,3
C18050,2,4
C18051,4,3
C18052,1,3
C18053,1,3
C18054,1,3
C18055,3,1
C18056,4,2
C18057,3,4
C18058,3,4
C18059,3,1
C18060,4,2
C18061,3,1
C18062,3,1
C18063,2,4
C18064,3,1
C18065,4,2
C18066,2,4
C18067,4,4
C18068,2,4
C18069,3,1
C18070,3,1
C18071,3,1
C18072,3,1
C18073,1,3
C18074,1,3
C18075,3,1
C18076,1,3
C18077,2,4
C18078,3,4
C18079,3,4
C18080,3,1
C18081,2,4
C18082,3,1
C18083,1,3
C18084,2,4
C18085,1,3
C18086,2,4
C18088,3,1
C18089,3,1
C18090,2,4
C18091,1,3
C18092,3,1
C18093,2,4
C18094,2,4
C18095,3,1
C18096,4,4
C18097,3,1
C18098,2,4
C18099,3,4
C18100,2,4
C18101,3,1
C18102,4,4
C18103,2,4
C18104,2,4
C18105,3,1
C18106,2,4
C18107,2,4
C18108,1,3
C18109,2,4
C18110,4,4
C18111,1,3
C18112,2,4
C18113,4,2
C18114,2,4
C18115,1,3
C18116,4,4
C18117,4,4
C18118,1,3
C18119,2,4
C18120,3,1
C18121,2,4
C18122,3,1
C18123,3,1
C18124,2,4
C18125,4,2
C18126,2,4
C18127,3,1
C18128,2,4
C18129,2,4
C18130,2,4
C18131,2,4
C18132,3,1
C18134,3,1
C18135,3,4
C18136,4,2
C18137,3,1
C18138,4,2
C18139,1,3
C18140,3,1
C18141,2,4
C18142,3,1
C18143,3,1
C18144,2,4
C18145,4,2
C18146,3,1
C18147,4,4
C18148,2,4
C18149,3,1
C18150,2,4
C18151,1,1
C18152,2,4
C18153,3,1
C18154,3,1
C18155,2,4
C18156,4,2
C18157,2,4
C18158,2,4
C18159,3,4
C18160,3,1
C18161,3,1
C18162,3,1
C18163,2,4
C18164,3,1
C18165,2,4
C18166,3,3
C18167,3,1
C18168,2,1
C18169,2,4
C18170,2,4
C18171,1,3
C18172,1,3
C18173,1,3
C18174,3,4
C18175,1,3
C18176,2,4
C18177,4,2
C18179,1,3
C18180,1,1
C18181,2,4
C18182,1,3
C18183,3,1
C18184,2,4
C18185,2,4
C18186,3,1
C18187,3,4
C18188,2,4
C18189,2,4
C18190,3,1
C18191,4,2
C18192,2,4
C18193,2,4
C18194,2,4
C18195,3,1
C18196,2,4
C18197,2,4
C18198,1,3
C18199,3,4
C18200,2,4
C18201,1,3
C18202,2,4
C18203,1,3
C18204,2,4
C18205,2,4
C18206,3,1
C18207,1,3
C18208,2,4
C18209,2,4
C18210,3,1
C18211,1,3
C18212,2,4
C18214,3,1
C18215,2,4
C18216,1,3
C18217,3,1
C18218,2,4
C18219,3,1
C18220,2,4
C18221,2,4
C18222,4,2
C18223,2,4
C18224,1,3
C18225,2,4
C18226,3,1
C18227,2,4
C18228,3,1
C18229,3,1
C18230,3,1
C18231,3,1
C18232,2,4
C18233,2,4
C18234,2,4
C18235,3,1
C18236,3,1
C18237,3,1
C18238,4,4
C18239,2,4
C18240,2,4
C18241,2,4
C18242,3,1
C18243,4,2
C18244,2,4
C18245,1,3
C18246,3,1
C18247,3,1
C18248,3,1
C18249,3,1
C18250,2,4
C18251,3,1
C18252,2,4
C18253,3,1
C18254,1,3
C18255,3,1
C18256,2,4
C18257,2,4
C18258,1,1
C18259,2,4
C18260,2,4
C18261,2,4
C18262,2,4
C18263,1,3
C18264,2,4
C18266,3,1
C18267,1,3
C18268,2,4
C18269,3,1
C18270,1,3
C18271,3,1
C18272,2,4
C18273,1,3
C18274,2,4
C18275,2,4
C18276,2,4
C18277,2,4
C18278,3,1
C18279,4,4
C18280,2,4
C18281,2,4
C18282,1,1
C18283,2,4
C18284,2,4
C18285,3,1
C18286,2,4
C18287,1,3
C18288,3,1
C18289,2,4
C18290,1,3
C18291,4,4
C18292,4,4
C18293,1,3
C18294,1,3
C18296,3,1
C18297,2,4
C18298,2,4
C18299,4,4
C18300,2,4
C18301,1,3
C18302,2,4
C18303,3,1
C18304,3,1
C18305,1,3
C18306,3,4
C18307,1,3
C18308,4,2
C18309,2,4
C18310,3,1
C18311,2,4
C18312,3,4
C18313,2,4
C18314,3,4
C18315,2,4
C18316,3,1
C18317,3,4
C18318,2,4
C18319,2,4
C18320,1,3
C18321,3,1
C18322,2,4
C18323,2,4
C18324,1,4
C18326,2,4
C18327,2,4
C18328,4,4
C18329,3,1
C18330,4,4
C18331,1,3
C18332,2,4
C18333,3,1
C18334,3,4
C18335,3,4
C18336,2,4
C18337,2,4
C18338,2,4
C18339,1,3
C18340,1,3
C18341,3,1
C18342,1,1
C18343,2,4
C18344,1,4
C18345,2,4
C18346,3,4
C18347,1,3
C18348,4,4
C18349,2,4
C18350,2,4
C18351,1,3
C18352,3,1
C18353,3,1
C18354,3,4
C18355,2,4
C18356,3,4
C18357,3,1
C18358,1,3
C18359,1,3
C18360,1,3
C18361,2,4
C18362,3,1
C18363,3,1
C18364,2,4
C18365,1,3
C18366,1,3
C18367,1,3
C18368,1,3
C18369,3,1
C18370,1,3
C18371,1,3
C18372,2,4
C18373,3,1
C18374,1,3
C18375,2,4
C18376,3,1
C18377,3,1
C18378,3,1
C18379,4,2
C18380,1,3
C18381,2,4
C18382,1,1
C18383,3,1
C18384,1,3
C18385,3,4
C18386,2,4
C18387,1,3
C18388,2,4
C18389,3,1
C18390,1,3
C18391,2,4
C18392,2,4
C18393,3,4
C18394,4,2
C18395,2,4
C18396,2,4
C18397,4,4
C18398,3,1
C18399,2,4
C18400,1,3
C18401,4,4
C18402,4,2
C18403,2,4
C18404,3,1
C18405,2,4
C18406,2,4
C18407,1,1
C18408,3,1
C18409,2,4
C18410,3,4
C18411,3,1
C18412,4,4
C18413,1,3
C18414,3,1
C18415,1,3
C18416,2,4
C18417,4,4
C18418,3,1
C18419,2,4
C18420,1,3
C18421,2,4
C18422,2,4
C18423,1,3
C18424,1,3
C18425,2,4
C18426,1,3
C18427,3,1
C18428,1,3
C18429,2,4
C18430,3,4
C18431,3,3
C18432,3,1
C18433,3,1
C18434,2,4
C18435,4,2
C18436,1,3
C18437,1,3
C18438,3,1
C18439,3,4
C18440,3,1
C18441,2,4
C18442,3,3
C18443,1,3
C18444,2,4
C18445,3,1
C18446,3,1
C18447,1,3
C18449,3,4
C18450,3,1
C18451,3,1
C18452,3,1
C18453,3,1
C18454,3,1
C18455,2,4
C18456,3,1
C18457,2,4
C18458,1,3
C18459,3,1
C18460,4,2
C18461,1,3
C18462,2,4
C18463,1,3
C18464,1,3
C18465,3,1
C18466,2,4
C18467,2,4
C18468,2,4
C18469,2,4
C18470,3,4
C18471,1,3
C18472,1,3
C18473,2,4
C18474,2,4
C18475,1,3
C18476,2,4
C18477,4,2
C18478,3,1
C18479,1,3
C18480,2,4
C18481,3,1
C18482,2,4
C18483,2,4
C18484,2,4
C18485,1,3
C18486,1,3
C18487,1,1
C18488,3,1
C18489,1,3
C18490,1,3
C18491,2,4
C18492,4,4
C18493,2,2
C18494,2,4
C18495,2,3
C18496,2,4
C18497,3,1
C18498,3,1
C18499,2,4
C18500,2,4
C18501,1,3
C18502,1,3
C18503,3,1
C18504,1,3
C18505,1,3
C18506,2,4
C18507,2,4
C18508,1,3
C18509,3,1
C18510,2,4
C18511,2,4
C18512,2,4
C18513,4,2
C18514,3,1
C18515,3,4
C18516,2,4
C18517,1,3
C18518,3,1
C18519,1,3
C18520,2,4
C18521,2,4
C18522,1,3
C18523,1,3
C18524,2,4
C18525,3,1
C18526,3,1
C18527,1,3
C18528,1,3
C18529,1,3
C18530,1,3
C18531,4,4
C18532,4,4
C18533,2,4
C18534,4,2
C18535,1,1
C18536,1,3
C18537,3,1
C18538,1,3
C18539,1,3
C18540,3,3
C18541,1,1
C18542,3,1
C18543,3,1
C18544,3,1
C18545,1,3
C18546,2,4
C18547,2,4
C18548,3,1
C18549,2,4
C18550,3,1
C18551,1,3
C18552,2,4
C18553,3,1
C18554,3,1
C18555,2,4
C18556,2,4
C18557,3,1
C18558,2,4
C18559,3,1
C18560,2,4
C18561,3,1
C18562,2,4
C18563,3,4
C18564,3,1
C18565,3,1
C18566,2,4
C18567,1,3
C18568,1,3
C18569,2,4
C18570,2,4
C18571,1,3
C18572,3,1
C18573,4,4
C18574,3,4
C18575,3,1
C18577,2,4
C18578,4,4
C18579,2,4
C18580,2,3
C18582,4,4
C18583,3,1
C18584,2,4
C18585,1,3
C18586,2,4
C18587,3,4
C18588,1,3
C18589,3,3
C18590,2,4
C18591,3,4
C18592,2,4
C18593,3,3
C18594,1,3
C18595,2,4
C18596,2,4
C18598,3,1
C18599,4,4
C18600,3,4
C18601,1,3
C18602,2,4
C18603,2,4
C18604,2,4
C18605,2,4
C18606,2,4
C18607,2,4
C18608,3,1
C18609,4,4
C18610,3,1
C18611,3,1
C18613,2,4
C18614,2,4
C18615,3,4
C18616,1,3
C18617,4,4
C18618,3,1
C18619,2,4
C18620,1,3
C18621,4,2
C18622,3,1
C18623,1,1
C18624,2,4
C18625,3,1
C18626,3,3
C18627,3,1
C18628,3,1
C18629,3,1
C18631,3,4
C18632,2,4
C18633,2,4
C18634,3,4
C18635,1,3
C18636,1,3
C18637,1,1
C18638,3,1
C18639,2,4
C18640,2,4
C18641,2,4
C18642,2,4
C18643,2,4
C18644,3,1
C18645,3,1
C18646,2,4
C18647,1,3
C18648,1,3
C18649,3,1
C18650,3,1
C18652,3,3
C18653,3,1
C18654,3,1
C18655,3,3
C18656,2,4
C18657,3,1
C18658,3,4
C18660,3,4
C18661,3,1
C18662,3,1
C18663,1,3
C18664,4,2
C18665,2,4
C18666,1,3
C18667,2,4
C18668,3,1
C18669,3,1
C18671,3,1
C18672,2,4
C18673,3,1
C18674,3,1
C18675,1,3
C18676,3,4
C18677,3,1
C18678,3,4
C18679,3,1
C18680,1,1
C18682,4,2
C18683,1,3
C18684,4,2
C18685,2,4
C18686,2,4
C18687,1,3
C18688,3,3
C18689,2,1
C18690,2,4
C18691,4,4
C18692,2,4
C18693,1,3
C18694,3,1
C18695,4,2
C18696,2,4
C18697,3,4
C18698,3,1
C18699,4,2
C18700,2,3
C18701,1,3
C18702,2,4
C18703,3,1
C18704,3,4
C18705,2,4
C18706,1,3
C18707,3,1
C18708,3,3
C18709,1,3
C18710,3,1
C18711,3,4
C18712,2,4
C18713,3,1
C18714,3,4
C18715,3,4
C18716,2,4
C18717,2,4
C18718,2,4
C18719,4,2
C18720,3,1
C18721,3,1
C18722,2,4
C18723,2,4
C18724,3,1
C18725,4,4
C18726,2,4
C18728,3,1
C18729,2,4
C18730,3,4
C18731,3,1
C18732,3,1
C18733,1,3
C18734,1,3
C18735,3,1
C18736,3,1
C18737,3,1
C18738,4,4
C18739,1,3
C18740,2,4
C18741,3,4
C18742,2,4
C18743,3,4
C18744,2,4
C18745,2,4
C18746,2,4
C18747,3,1
C18748,2,4
C18749,1,3
C18750,3,1
C18751,2,4
C18752,1,3
C18753,2,4
C18754,3,4
C18755,3,4
C18756,3,4
C18757,2,4
C18758,2,4
C18760,3,4
C18761,1,3
C18762,2,4
C18763,3,1
C18764,3,3
C18765,2,4
C18766,2,4
C18767,4,3
C18768,3,4
C18769,2,4
C18770,2,4
C18771,1,1
C18772,3,3
C18773,4,2
C18774,3,1
C18775,2,4
C18776,3,1
C18778,1,3
C18779,1,3
C18780,4,2
C18781,2,3
C18782,1,3
C18783,3,3
C18784,2,4
C18785,4,2
C18786,2,4
C18787,4,4
C18788,2,4
C18789,1,3
C18790,2,4
C18791,2,4
C18792,3,1
C18793,1,3
C18794,3,4
C18795,2,4
C18796,4,4
C18797,1,3
C18798,3,1
C18800,3,1
C18801,1,3
C18802,3,1
C18803,1,3
C18804,4,4
C18805,2,4
C18806,2,4
C18807,2,4
C18808,1,3
C18809,1,3
C18810,2,4
C18811,3,1
C18812,3,1
C18813,2,4
C18814,3,1
C18815,3,1
C18816,1,3
C18817,1,3
C18818,1,3
C18819,3,1
C18820,3,3
C18821,2,4
C18822,2,4
C18823,2,3
C18824,2,4
C18825,1,3
C18826,1,3
C18827,3,4
C18828,3,4
C18829,3,1
C18830,2,4
C18831,3,1
C18832,1,3
C18833,1,3
C18834,2,4
C18835,2,4
C18836,4,4
C18837,2,4
C18838,2,4
C18839,3,4
C18840,2,4
C18841,3,1
C18842,2,4
C18843,1,3
C18844,3,1
C18845,4,2
C18846,3,1
C18847,4,4
C18848,1,3
C18849,3,3
C18850,1,3
C18851,4,4
C18852,2,4
C18853,3,1
C18854,2,4
C18855,3,1
C18856,3,1
C18857,2,4
C18858,2,4
C18859,3,1
C18860,1,3
C18861,2,4
C18862,2,4
C18863,2,4
C18864,4,4
C18865,2,4
C18866,2,4
C18867,3,1
C18868,3,1
C18869,3,1
C18870,2,4
C18871,3,1
C18872,3,4
C18873,1,3
C18874,2,4
C18875,3,1
C18877,3,1
C18878,2,4
C18879,2,4
C18880,3,1
C18881,1,3
C18882,3,1
C18883,3,1
C18885,1,3
C18886,2,4
C18887,1,3
C18888,2,4
C18889,3,3
C18890,2,4
C18891,3,1
C18892,3,1
C18893,2,4
C18895,3,1
C18896,2,4
C18897,3,1
C18898,4,2
C18899,4,2
C18900,1,3
C18901,2,4
C18902,3,1
C18903,2,4
C18904,2,4
C18905,3,1
C18906,2,4
C18907,3,4
C18908,3,1
C18909,1,3
C18910,3,4
C18911,3,4
C18912,3,1
C18913,3,1
C18914,2,4
C18915,1,3
C18916,1,3
C18917,1,3
C18918,2,4
C18919,2,4
C18920,2,4
C18921,1,3
C18922,1,3
C18923,3,1
C18924,3,4
C18925,1,3
C18926,4,2
C18927,1,3
C18928,3,1
C18929,3,3
C18930,4,4
C18931,1,3
C18932,2,4
C18933,2,4
C18934,3,1
C18935,4,2
C18936,1,3
C18937,1,3
C18938,3,1
C18939,2,4
C18940,2,4
C18941,2,4
C18942,1,3
C18943,2,4
C18944,4,2
C18945,1,1
C18946,1,3
C18947,3,4
C18948,2,4
C18949,2,4
C18950,3,1
C18951,2,4
C18952,2,4
C18953,4,4
C18954,2,4
C18955,3,1
C18956,3,1
C18957,1,3
C18958,2,4
C18959,1,3
C18960,3,1
C18961,4,1
C18962,4,4
C18963,1,3
C18964,2,4
C18965,2,4
C18966,1,3
C18967,3,1
C18968,2,4
C18969,1,3
C18970,3,4
C18971,1,3
C18972,2,4
C18973,1,3
C18975,4,2
C18976,3,4
C18977,1,1
C18978,1,3
C18979,2,4
C18980,2,4
C18982,3,1
C18983,3,1
C18984,1,3
C18985,3,1
C18986,2,4
C18987,4,4
C18988,2,4
C18989,2,4
C18990,2,4
C18991,3,1
C18992,2,4
C18993,2,4
C18994,3,1
C18995,2,4
C18996,1,3
C18997,4,4
C18998,2,4
C18999,2,4
C19000,2,4
C19001,2,4
C19002,1,3
C19003,4,4
C19004,3,3
C19005,2,4
C19006,2,4
C19007,1,3
C19008,2,4
C19009,2,4
C19010,3,1
C19011,2,4
C19012,2,4
C19013,3,4
C19014,2,4
C19015,2,4
C19016,1,3
C19017,3,4
C19018,3,1
C19019,1,3
C19020,2,4
C19021,3,3
C19022,2,4
C19023,3,1
C19024,1,3
C19025,2,4
C19026,3,4
C19027,2,4
C19028,3,3
C19030,2,4
C19031,3,1
C19032,1,3
C19033,3,1
C19034,2,4
C19035,1,3
C19036,1,3
C19037,2,4
C19038,2,4
C19039,2,4
C19040,2,4
C19041,4,4
C19042,1,3
C19043,2,4
C19044,1,3
C19045,1,1
C19046,2,4
C19047,3,1
C19048,2,4
C19049,2,4
C19050,2,4
C19051,3,1
C19052,3,1
C19053,1,3
C19054,2,4
C19055,3,3
C19056,1,3
C19057,2,4
C19058,2,4
C19059,3,3
C19060,2,4
C19061,3,1
C19062,2,4
C19063,2,4
C19064,2,4
C19065,2,4
C19066,2,4
C19068,2,4
C19069,1,3
C19070,2,4
C19071,3,3
C19072,1,3
C19073,3,1
C19074,3,1
C19075,2,4
C19076,1,3
C19077,2,4
C19078,2,4
C19079,1,1
C19080,1,3
C19081,1,3
C19082,3,1
C19083,3,1
C19084,3,1
C19085,3,1
C19086,1,3
C19087,2,4
C19088,2,4
C19089,1,3
C19090,2,4
C19091,2,4
C19092,1,3
C19093,3,1
C19094,3,1
C19095,3,1
C19096,3,3
C19097,4,4
C19098,1,3
C19099,1,3
C19100,2,4
C19101,2,4
C19102,2,4
C19103,3,4
C19104,1,3
C19105,2,4
C19106,2,4
C19107,2,4
C19108,3,1
C19109,1,3
C19110,1,3
C19111,2,4
C19112,3,1
C19113,1,1
C19114,2,4
C19115,2,4
C19116,2,4
C19117,3,1
C19118,2,4
C19119,3,3
C19120,2,4
C19121,3,3
C19122,1,3
C19123,3,3
C19124,2,4
C19125,3,1
C19126,3,4
C19127,1,3
C19128,2,4
C19129,2,4
C19130,4,4
C19131,2,4
C19132,2,4
C19133,3,1
C19134,2,4
C19135,2,4
C19136,4,4
C19137,2,4
C19138,4,4
C19139,2,4
C19140,3,1
C19141,3,4
C19142,3,3
C19143,2,4
C19144,2,4
C19145,2,4
C19146,2,4
C19147,3,4
C19148,2,4
C19149,2,4
C19150,3,1
C19151,3,1
C19152,2,4
C19153,1,3
C19154,2,4
C19155,1,3
C19156,1,1
C19157,3,4
C19158,1,3
C19159,2,4
C19160,3,1
C19161,1,3
C19162,2,4
C19163,2,4
C19164,4,2
C19165,3,1
C19166,2,4
C19167,2,4
C19168,2,4
C19169,2,4
C19170,3,3
C19171,2,4
C19172,2,4
C19173,2,4
C19174,2,4
C19175,2,4
C19176,2,4
C19177,2,4
C19178,3,1
C19179,1,3
C19180,3,1
C19181,2,4
C19182,1,3
C19183,2,4
C19184,3,1
C19185,3,1
C19186,2,4
C19187,2,4
C19188,2,4
C19189,3,1
C19190,4,4
